--
-- PostgreSQL database dump
--

SET statement_timeout = 0;
SET client_encoding = 'UTF8';
SET standard_conforming_strings = on;
SET check_function_bodies = false;
SET client_min_messages = warning;

SET search_path = public, pg_catalog;

--
-- Data for Name: page; Type: TABLE DATA; Schema: public; Owner: -
--

INSERT INTO page (id, is_published, title, content, page_url, page_title, page_description, page_keywords, "order", name, is_locked, id_parent, path, entity, created_at, updated_at) VALUES (2, true, 'О компании', '<p>Компания Рекада является официальным дистрибьютером завода КЕРАТОН уже более 10 лет с 1999 года. Кератон производит керамический гранит под торговой маркой Estima. Имея долговременные стратегические отношения с крупнейшим производителем в России, реализуя значительные объемы товара, Рекада может предложить своим клиентам керамогранит Эстима по оптовым ценам или по спецценам для особо крупных объектов.&nbsp;</p>

<p><span style="line-height:1.6em">Имея многолетний опыт, нам нужны кратчайшие сроки, чтобы найти и поставить Вам нужный керамогранит</span></p>

<p>Завод КЕРАТОН производит заказанную продукцию на основании заявок дистрибьютеров, т.е. мы заблаговременно обеспечиваем свою компанию нужными количествами, или обладаем информацией о планируемом производстве того или иного материала. Таким образом, компания Рекада может дать покупателю самую точную информацию о сроках поставки керамогранита или из наличия, или из планируемых объемов.<br />
В нашем шоу-руме Вы сможете осмотреть в натурном виде образцы керамогранита и выбрать подходящий вариант<br />
Весь ассортимент вы сможете увидеть в нашем офисе. Продукция представлена как в красочных каталогах, так и в виде образцов. Практически во всех случаях мы также сможем предоставить и целые керамогранитные плитки.<br />
Профессиональный менеджер по проектам расскажет Вам тонкости при выборе керамогранита, чтобы Вы получили максимальную экономию в цене при соблюдении всех нужных параметров<br />
Существует большое количество параметров при выборе керамогранита. Например, это могут быть варианты поверхности: полированный керамогранит, неполированный, неровные поверхности (&laquo;под камень&raquo;, &laquo;под дерево&raquo; и др.). Или форматы и размеры: 600х600 (очень популярен при использовании для облицовки вентилируемых фасадов или для открытых пространств или при внутренней отделке), 400х400, 300х300, 600х300 и др. Цветовые решения, различные толщины - можно долго перечислять их виды, но лучше обратиться к компетентному менеджеру, который найдет именно для Вас лучший вариант.&nbsp;<br />
Мы доставим Вам образцы керамогранита согласно требованиям заказчика прямо на объект или в офис<br />
Несмотря на изображения керамогранитных плиток на веб-сайте или в иллюстрированном каталоге, получить точное представление о материале можно только увидев их воочию. Это важно, поскольку в изображениях цвет искажается и слабо отражает фактуру. Очень важно при утверждении керамогранита архитектором, заказчиком и подрядчиком иметь образец, и мы готовы помочь в этом. Либо менеджер, либо курьер доставит Вам нужный вариант.<br />
Мы изготовим различные изделия из керамогранита: панно, плинтусы и ступени<br />
Ступени из керамогранита используются практически повсеместно, в то время как плинтусы используются реже, хотя это значительно усиливает ощущение законченности и хорошего качества проведенных работ. Панно из керамогранита - это уже &laquo;высший класс&raquo; в отделке помещений, и вызывает ощущение респектабельности и эксклюзивности. Наша компания изготавливает эти изделия из стандартных керамогранитных плит, делая вырезы, закругляя края, осуществляя криволинейные резы согласно шаблонам - для этого используется высокоточное оборудование, что гарантирует отличное качество изделий.<br />
Мы обеспечим Вас профессиональной инженерной поддержкой при использовании керамогранита для вентфасадов<br />
В не менее 40% случаях керамогранит используется в качестве облицовочного материала при использовании систем навесных вентилируемых фасадов. Это самые экономичный вариант облицовки. Прочие материалы: фиброцементные плиты, композитные, стальные, алюминиевые панели и кассеты - обходятся значительно дороже. Керамогранит Estima, помимо использования в многочисленных частных коммерческих строительных проектах, был выбран как облицовочный материал в масштабном государственном проекте в рамках санации фасадов жилого фонда г. Москвы. В составе нашей компании работают высококлассные специалисты в области проектирования и строительства вентфасадных и светопрозрачных конструкций, предлагая нашим клиентам инжиниринговые услуги. Наша компания также является официальным дистрибьютером таких известных вентсистем как Eurofox и Краспан. Все о вентфасадах вы можете узнать здесь.<br />
Мы предоставим услуги комплексного снабжения Вашего объекта строительными материалами широкого спектра<br />
Надежность поставок, высокое качество продукции, низкие цены - вот что приводит наших клиентов к более тесному сотрудничеству с компанией Рекада. Кроме того, наши клиенты доверяют нам поставку и других строительных материалов.&nbsp;<br />
Мы знаем о керамическом граните практически все, поскольку начали его предлагать нашим клиентам с момента его появления на российском рынке. Нам известны все российские производителя, их достоинства и недостатки, нам также известно о продукции большинства иностранных производителей. У нас партнерские отношения с клиентами - мы предлагаем лучшее по разумной цене, неукоснительно соблюдая договорные условия. Клиентами компании являются такие бренды как: Мосэнерго, Макдоналдс, Рольф, Пятерочка, Моспромстрой и др. Керамику наши клиенты используют в многочисленных деловых центрах, торгово-развлекательных комплексах, автосалонах, магазинах, детских садах, поликлиниках и в частных интерьерах. Не теряйте время и обращайтесь к нам, задайте любой интересующий вас вопрос по телефону (495) 921-40-44.</p>

<p>&nbsp;</p>

<p>&nbsp;</p>
', 'about', 'Компания Рекада-Центр керамогранита', ' Компания Рекада-Центр керамогранита', ' Компания Рекада-Центр керамогранита', NULL, 'about', false, 1, '1.2', 'page', '2013-07-01 11:36:55', '2013-07-01 11:36:55');
INSERT INTO page (id, is_published, title, content, page_url, page_title, page_description, page_keywords, "order", name, is_locked, id_parent, path, entity, created_at, updated_at) VALUES (3, true, 'Контакты', '<p><strong>Как добраться пешком от метро:</strong>&nbsp;Станция м. Нагатинская (первый вагон из центра).</p><p>От метро двигайтесь вдоль Варшавского шоссе по ходу движения транспорта 7-8 минут средним темпом (или можно проехать одну остановку на любом транспорте и далее идти вперед еще 1-2 минуты). 6-этажное здание бизнес-центра, расположенно вдоль шоссе (вдоль здания стоят высокие ели, на углу есть адресный указатель - &quot;Варшавское шоссе, д. 42&quot;).</p><p>Вход находится по центру фасада со стороны шоссе (круглые вращающиеся двери). Посетителям необходимо спуститься направо, вниз на цокольный этаж к гостевому ресепшн, назвать свою фамилию и сказать, что пришли в компанию &quot;Рекада&quot;. На лифте подняться на 5-й этаж, из лифтового холла повернуть налево, на двери офиса находится вывеска &quot;Рекада-Центр&quot;.</p>', 'contacts', 'Контакты', NULL, NULL, 0, 'contacts', true, 1, '1.3', 'page', '2013-07-01 11:36:55', '2013-07-01 11:36:55');
INSERT INTO page (id, is_published, title, content, page_url, page_title, page_description, page_keywords, "order", name, is_locked, id_parent, path, entity, created_at, updated_at) VALUES (9, true, 'Новости', '', 'news', 'Новости', NULL, NULL, 0, 'news', true, 1, '1.9', 'page', '2013-07-01 11:36:55', '2013-07-01 11:36:55');
INSERT INTO page (id, is_published, title, content, page_url, page_title, page_description, page_keywords, "order", name, is_locked, id_parent, path, entity, created_at, updated_at) VALUES (11, true, 'Карта сайта', '', 'map', 'Карта сайта', NULL, NULL, 0, 'map', true, 1, '1.11', 'page', '2013-07-01 11:36:55', '2013-07-01 11:36:55');
INSERT INTO page (id, is_published, title, content, page_url, page_title, page_description, page_keywords, "order", name, is_locked, id_parent, path, entity, created_at, updated_at) VALUES (12, true, 'Поиск', '', 'search', 'Поиск', NULL, NULL, 0, 'search', true, 1, '1.12', 'page', '2013-07-01 11:36:55', '2013-07-01 11:36:55');
INSERT INTO page (id, is_published, title, content, page_url, page_title, page_description, page_keywords, "order", name, is_locked, id_parent, path, entity, created_at, updated_at) VALUES (10, true, 'Заявка', '<p>Спасибо за заявку.&nbsp; Наши менеджеры свяжутся с вами в течение 1 рабочего дня.</p>
', 'feedback', 'Оставить заявку', '', '', 0, 'feedback', true, 1, '1.10', 'page', '2013-07-01 11:36:55', '2013-07-01 11:36:55');
INSERT INTO page (id, is_published, title, content, page_url, page_title, page_description, page_keywords, "order", name, is_locked, id_parent, path, entity, created_at, updated_at) VALUES (8, true, 'Портфолио', '', 'gallery', 'Портфолио выполненных объектов', '', '', 0, 'gallery', true, 1, '1.8', 'page', '2013-07-01 11:36:55', '2013-07-01 11:36:55');
INSERT INTO page (id, is_published, title, content, page_url, page_title, page_description, page_keywords, "order", name, is_locked, id_parent, path, entity, created_at, updated_at) VALUES (4, true, 'База знаний', '', 'articles', 'База знаний', '', '', NULL, 'articles', true, 1, '1.4', 'page', '2013-07-01 11:36:55', '2013-07-01 11:36:55');
INSERT INTO page (id, is_published, title, content, page_url, page_title, page_description, page_keywords, "order", name, is_locked, id_parent, path, entity, created_at, updated_at) VALUES (1, true, 'Главная', '', '', 'Оптовая продажа керамогранита. Керамогранит оптом: Эстима, Керама Марацци, Атлас Конкорд.', 'Компания «Рекада» занимается оптовой продажей керамогранита по выгодным ценам. Доставка в любую точку России.
', 'оптовая продажа керамогранита, керамогранит оптом, керамогранит эстима оптом
', NULL, 'main', true, NULL, '1', 'page', '2013-07-01 11:36:55', '2013-07-01 11:36:55');


--
-- Data for Name: category; Type: TABLE DATA; Schema: public; Owner: -
--

INSERT INTO category (id, is_published, title, content, page_url, page_title, page_description, page_keywords, "order", name, is_locked, id_parent, path, entity, created_at, updated_at, image, image_preview) VALUES (13, true, 'Керамогранит', '<h2>Популярные категории:</h2>

<p><a href="http://kapitanov.fvds.ru/articles/keramogranit3030">П</a><a href="/keramogranit/polirovannyj-keramogranit">олированный керамогранит</a>&nbsp; &nbsp;&nbsp;<a href="http://kapitanov.fvds.ru/keramogranit/keramogranit-pod-derevo">Керамогранит под дерево</a>&nbsp;&nbsp; &nbsp;<a href="http://kapitanov.fvds.ru/keramogranit/keramogranit-pod-metall">Керамогрнаит под металл</a>&nbsp;</p>

<p>&nbsp;</p>
', 'keramogranit', 'Керамогранит', '', '', 5, 'keramogranit', false, 1, '1.13', 'category', '2013-07-01 11:36:55', '2013-07-01 11:36:55', '', '');
INSERT INTO category (id, is_published, title, content, page_url, page_title, page_description, page_keywords, "order", name, is_locked, id_parent, path, entity, created_at, updated_at, image, image_preview) VALUES (28, true, 'Натуральный камень', '', 'naturalnyj-kamen', 'Натуральный камень', '', '', 10, 'naturalnyj-kamen', false, 1, '1.28', 'category', '2013-07-01 13:31:29', '2013-07-01 13:31:29', '', NULL);
INSERT INTO category (id, is_published, title, content, page_url, page_title, page_description, page_keywords, "order", name, is_locked, id_parent, path, entity, created_at, updated_at, image, image_preview) VALUES (29, true, 'Изделия и услуги', '', 'izdeliya-i-uslugi', 'Изделия и услуги', '', '', 20, 'izdeliya-i-uslugi', false, 1, '1.29', 'category', '2013-07-01 13:32:15', '2013-07-01 13:32:15', '', NULL);
INSERT INTO category (id, is_published, title, content, page_url, page_title, page_description, page_keywords, "order", name, is_locked, id_parent, path, entity, created_at, updated_at, image, image_preview) VALUES (31, true, 'Плитка', '', 'plitka', 'Плитка', '', '', 40, 'plitka', false, 1, '1.31', 'category', '2013-07-01 13:32:41', '2013-07-01 13:32:41', '', NULL);
INSERT INTO category (id, is_published, title, content, page_url, page_title, page_description, page_keywords, "order", name, is_locked, id_parent, path, entity, created_at, updated_at, image, image_preview) VALUES (30, true, 'Мозаика', '', 'mozaika', 'Мозаика', '', '', 30, 'mozaika', false, 1, '1.30', 'category', '2013-07-01 13:32:29', '2013-07-01 13:32:29', '', NULL);


--
-- Data for Name: brand; Type: TABLE DATA; Schema: public; Owner: -
--

INSERT INTO brand (id, is_published, title, content, page_url, page_title, page_description, page_keywords, "order", name, is_locked, id_parent, path, entity, created_at, updated_at, image, image_preview) VALUES (32, true, 'Estima', '<p>Компания Рекада больше 10 лет занимается продажей российской керамогранитной плитки. Одним из первых наших партнеров стала компания Кератон, выпускающая керамогранит под известной в России маркой Estima. Продукция Эстима сегодня представлена практически во всех магазинах строительных и отделочных материалов. И это неудивительно &mdash; плитка Estima сумела всем доказать возможность российской продукции конкурировать со знаменитыми европейскими марками.</p>

<p>Estima производит керамогранитную плитку на основе самых передовых технологий. Материал обладает всеми свойствами продукции категории люкс: сверхпрочность, глубина окраски, многообразие цвета и фактуры. При этом стоимость этой плитки ниже любых европейских аналогов.<br />
Кератон выпускают все виды изделий из керамогранита. Сферы его использования различны: отделка интерьера и экстерьера зданий, напольная облицовка, строительство и вентилируемые фасады. Керамогранитная плитка торговой марки Estima достаточно широко применяется при возведении и реставрации зданий, отделке интерьеров и фасадов. Сегодня керамогранит Эстима можно часто увидеть на фасадах торговых и деловых центров, административных зданий, гостиниц и роскошных в своем убранстве станций метрополитена; материал широко применяется для облицовки стен на вокзалах, в ресторанах и, конечно же, в частных интерьерах.</p>

<h2>Эстетика и практичность &mdash; идеальное сочетание</h2>

<p>Значительное разнообразие дизайнерских изысков и расцветок материала позволят придать любому помещению или фасаду здания современный и элегантный вид. Керамогранитная плитка Estima сочетает в себе надежность, долговечность и приемлемую цену &mdash; будь то облицовочный материал для интерьера или керамогранит для фасадов. При этом эстетичность продукции была и остается для производителя на первом месте.</p>

<p>Каждая коллекция может отличаться фактурой поверхности плитки: гладкая, &laquo;под дерево&raquo;, с характерными для натурального камня неровностями&hellip; Дизайнеры компании Estima всегда готовы удивлять российских покупателей не только богатством цветовой палитры, но и многочисленными техниками нанесения рисунка. В каждой коллекции представлены варианты, которые способны &laquo;раствориться&raquo; в общем колористическом решении интерьера, и концептуальные варианты, доминирующие в декоре.</p>

<p>Продажа технической, фасадной и интерьерной керамогранитной плитки Estima осуществляется оптом и в розницу. Регулярное пополнение запасов, налаженная работа логистического центра, ответственное отношение к срокам доставки являются для наших партнеров серьезными доводами в пользу сотрудничества с нашей компанией. И если оптовикам важно быть уверенными в наличии нужного объема товара на складе, то для частных клиентов в сотрудничестве с &laquo;Рекадой&raquo; важнее богатейший выбор вариантов плитки из керамогранита.</p>
', 'estima', 'Керамогранитная плитка Estima, керамогранит Эстима — Компания Рекада', 'Компания «Рекада» предлагает керамогранит и керамогранитную плитку от крупнейшего российского производителя Estima по самым выгодным ценам', 'керамогранитная плитка  estima, керамогранит эстима', 10, 'estima', false, 13, '1.13.32', 'brand', '2013-07-01 13:41:00', '2013-07-01 13:41:00', '', NULL);
INSERT INTO brand (id, is_published, title, content, page_url, page_title, page_description, page_keywords, "order", name, is_locked, id_parent, path, entity, created_at, updated_at, image, image_preview) VALUES (47, true, 'Каменная мозаика', '', 'kamennaya-mosaica', 'Мозаика из натурального камня', '', '', 30, 'iz-naturalnogo-kamnya', false, 30, '1.30.47', 'brand', '2013-07-01 15:44:17', '2013-07-01 15:44:17', '', NULL);
INSERT INTO brand (id, is_published, title, content, page_url, page_title, page_description, page_keywords, "order", name, is_locked, id_parent, path, entity, created_at, updated_at, image, image_preview) VALUES (40, true, 'Мрамор', '', 'mramor', 'Мрамор', '', '', 10, 'italiya', false, 28, '1.28.40', 'brand', '2013-07-01 15:26:20', '2013-07-01 15:26:20', '', NULL);
INSERT INTO brand (id, is_published, title, content, page_url, page_title, page_description, page_keywords, "order", name, is_locked, id_parent, path, entity, created_at, updated_at, image, image_preview) VALUES (41, true, 'Травертин', '', 'travertin', 'Травертин', '', '', 20, 'kitaj', false, 28, '1.28.41', 'brand', '2013-07-01 15:27:13', '2013-07-01 15:27:13', '', NULL);
INSERT INTO brand (id, is_published, title, content, page_url, page_title, page_description, page_keywords, "order", name, is_locked, id_parent, path, entity, created_at, updated_at, image, image_preview) VALUES (75, true, 'Столешницы', '', 'stoleshnitsa', 'Столешницы из камня', '', '', 10, 'stoleshnitsa', false, 29, '1.29.75', 'brand', '2013-07-25 16:29:35', '2013-07-25 16:29:35', '', NULL);
INSERT INTO brand (id, is_published, title, content, page_url, page_title, page_description, page_keywords, "order", name, is_locked, id_parent, path, entity, created_at, updated_at, image, image_preview) VALUES (49, true, 'Россия', '', 'rossiya', 'Россия', '', '', 10, 'rossiya', false, 31, '1.31.49', 'brand', '2013-07-01 15:46:04', '2013-07-01 15:46:04', '', NULL);
INSERT INTO brand (id, is_published, title, content, page_url, page_title, page_description, page_keywords, "order", name, is_locked, id_parent, path, entity, created_at, updated_at, image, image_preview) VALUES (43, true, 'Панно', '<p>Одним из самых интересных вариантов украшения помещений сегодня считается использование декоративных изделий из натурального или искусственного камня. Компания Рекада представляет огромный выбор оригинальных панно из керамогранита, с помощью которых можно полностью изменить дизайн интерьера.<br />
Стильные, необычные панно из керамогранита &mdash; это не просто элемент украшения, но и гарантированная долговечность покрытия. Ведь используемый при изготовлении панно керамогранит, являясь материалом искусственным, тем не менее, вобрал в себя все лучшие качества натурального камня, и в чем-то даже превзошел его. Износостойкость и прочность, экологичность и гигиеничность, абсолютная сопротивляемость внешним воздействиям, как атмосферным, так и температурным, делает панно из керамогранита идеальным материалом для украшения помещений при внутренней и внешней отделке.<br />
Используя самое современное оборудование, имея в штате профессиональных опытных дизайнеров и мастеров, компания Рекада гарантирует, что каждый наш посетитель сможет выбрать панно по своему вкусу. Панно как нестандартное украшение помещений долгие годы будет радовать взоры, сохраняя свое очарование при любом стилевом решении интерьера.<br />
Также обратите внимание на столешницы из керамогранита, представленные в ассортименте в соответствующем разделе каталога.</p>
', 'panno', 'Панно из керамогранита / Резка керамогранита / ГК Рекада', 'панно из керамогранита', 'панно из керамогранита', 30, 'panno', false, 29, '1.29.43', 'brand', '2013-07-01 15:30:06', '2013-07-01 15:30:06', '', NULL);
INSERT INTO brand (id, is_published, title, content, page_url, page_title, page_description, page_keywords, "order", name, is_locked, id_parent, path, entity, created_at, updated_at, image, image_preview) VALUES (44, true, 'Из керамогранита', '', 'iz-keramogranita', 'Из керамогранита', '', '', 0, 'iz-keramogranita', false, 30, '1.30.44', 'brand', '2013-07-01 15:42:40', '2013-07-01 15:42:40', '', NULL);
INSERT INTO brand (id, is_published, title, content, page_url, page_title, page_description, page_keywords, "order", name, is_locked, id_parent, path, entity, created_at, updated_at, image, image_preview) VALUES (80, true, 'Гидро резка', '<p>Резка керамогранита &mdash; это очень востребованная услуга на строительном рынке. Дело в том, что существует огромное количество керамогранитных коллекций (керамогранит Estima, Kerama Marazzi, Atlas Concorde и другие), и каждая из них &mdash; по-своему уникальна. Но окончательную завершённость дизайна в облицовке обеспечивают особенные, специальные изделия и декоративные элементы. В общей площади декоративные и специальные изделия из керамогранита составляют небольшую долю, но насколько они обогащают пространство! Вот наиболее популярные из них: бордюры, декоры, панно из керамогранита.<br />
а) Бордюры из керамогранита используют, как правило, для обрамления по периметру как напольного, так и настенного пространства.<br />
б) Декоры из керамогранита представляют собой различные вставки, как правило, меньшего размера, чем основные плиты, и часто &mdash; контрастного к основному цвета.<br />
в) Панно из керамогранита &mdash; это фактически произведения искусства, представлют собой композицию из искусно вырезанных по лекальным формам и пристыкованных друг к другу плиток разных цветов, которые в совокупности оказываются картинами. Керамогранитные панно могут изображать фирменные логотипы, пейзажи или фантазии мозаичного типа.<br />
Эти декоративные изделия значительно усиливают ощущение богатства, дороговизны и эксклюзивности дизайна помещений. Декоративные элементы весьма часто используют дизайнеры в своих проектах, но фантазийные вставки могут отсутствовать в основной коллекции завода-изготовителя.<br />
В таком случае компания Рекада предлагает заказчикам изготовить подобные вещи, применяя специальную технологию &mdash; гидроабразивная резка керамогранита. Обработка керамогранита осуществляется на высокотехнологичном оборудовании, резка осуществляется с помощью струи воды и абразивного материала, подаваемого на место резки под колоссальным давлением. Станки с ЧПУ с особенной точностью повторяют прямые линии или изгибы точно в соответствии с проектом дизайнера и компьютерной программой. Гидроабразивная резка плитки и керамогранита является быстрой, качественной и эффективной технологией для сложных видов резки.<br />
Ещё одной причиной популярности гидроабразивной резки керамогранита является необходимость изготовления сугубо утилитарных компонентов облицовки: ступеней, плинтуса, подступёнки, доборные элементы. Для отделки лестниц в большинстве случаев используется керамогранит, а значит, зачастую возникает потребность изготовления на стандартных плитах различных насечек, закругления торцов, снятия фаски и др.<br />
Компания Рекада обладает достаточным опытом и знаниями, чтобы осуществить в кратчайшие сроки сложные и значительные по объёму работы в этой тематике.<br />
Кроме вышеперечисленного существует ещё большое количество работ с керамогранитом, которые могут оказаться востребованными, например, при изготовлении столешниц и подоконников, или работы по прорезанию продольных канавок в торцах, по сверлению отверстий различных форм и тому подобное.<br />
Все работы компания Рекада может осуществить как с материалом заказчика, так и предложить поставку своими силами. Помимо керамогранита, такими материалами могут быть гранит, мрамор или агломерат.</p>
', 'gidroabrazivnaya-rezka', 'Гидроабразивная резка керамогранита и плитки, обработка керамогранита – ГК Рекада', 'ГК Рекада предлагает различные виды услуг по обработке как приобретенной у нас керамогранитной продукции, так и материала заказчика.', 'резка керамогранита, обработка керамогранита, гидроабразивная резка плитки', 50, 'gidroabrazivnaya-rezka', false, 29, '1.29.80', 'brand', '2013-07-26 17:45:37', '2013-07-26 17:45:37', '', NULL);
INSERT INTO brand (id, is_published, title, content, page_url, page_title, page_description, page_keywords, "order", name, is_locked, id_parent, path, entity, created_at, updated_at, image, image_preview) VALUES (39, true, 'Гранит', '', 'granit', 'Гранит - компания Рекада-Центр', '', '', 0, 'rossiya', false, 28, '1.28.39', 'brand', '2013-07-01 15:26:05', '2013-07-01 15:26:05', '', NULL);
INSERT INTO brand (id, is_published, title, content, page_url, page_title, page_description, page_keywords, "order", name, is_locked, id_parent, path, entity, created_at, updated_at, image, image_preview) VALUES (61, true, 'Atlas Concorde', '', 'atlasconcorde', 'Atlas Concorde', '', '', 30, 'atlas', false, 13, '1.13.61', 'brand', '2013-07-23 13:44:23', '2013-07-23 13:44:23', '', NULL);
INSERT INTO brand (id, is_published, title, content, page_url, page_title, page_description, page_keywords, "order", name, is_locked, id_parent, path, entity, created_at, updated_at, image, image_preview) VALUES (45, true, 'Стеклянная', '', 'steklyannaya', 'Стеклянная', '', '', 10, 'steklyannaya', false, 30, '1.30.45', 'brand', '2013-07-01 15:43:06', '2013-07-01 15:43:06', '', NULL);
INSERT INTO brand (id, is_published, title, content, page_url, page_title, page_description, page_keywords, "order", name, is_locked, id_parent, path, entity, created_at, updated_at, image, image_preview) VALUES (92, true, 'Кварцевый агломерат', '', 'kvartsevyj-aglomerat', 'Кварцевый агломерат', '', '', 40, 'kvartsevyj-aglomerat', false, 28, '1.28.92', 'brand', '2013-08-02 15:53:54', '2013-08-02 15:53:54', '', NULL);
INSERT INTO brand (id, is_published, title, content, page_url, page_title, page_description, page_keywords, "order", name, is_locked, id_parent, path, entity, created_at, updated_at, image, image_preview) VALUES (42, true, 'Ступени и плинтусы', '<p>Как известно, керамогранит для лестниц &mdash; замечательный материал, позволяющий создавать функциональные и гармоничные архитектурные и интерьерные ансамбли.<br />
Лестница (керамогранит) &mdash; прослужит верой и правдой не один год, благодаря прочности, отличным эксплуатационным характеристикам. Уникальные качества материала, а значит, и керамогранитных ступеней, обуславливают неограниченный срок службы этих изделий.<br />
Керамогранитные ступени имеют физико-химические характеристики, оптимальные для эксплуатации любой интенсивности. Ступени из этого материала обладают высокой плотностью, не поглощают воду, имеют антиабразивную защиту. Эти свойства позволяют делать лестницы из керамогранита в местах, где эксплуатация усложнена такими факторами, как механические воздействия (многолюдные общественные места), влажный или холодный климат, резкие температурные перепады, прямой солнечный свет и многое другое. Ступени, сделанные из керамогранита, отличаются повышенной прочностью &mdash; их фактически невозможно расколоть.<br />
А кроме того, ступени из керамогранита, а значит, и вся лестница, долго сохраняют свой первозданный эстетичный вид, не требуя при этом специальных процедур по уходу. А удобные насечки от скольжения, которые наносят на керамогранитные ступени, делают их удобными и безопасными.<br />
Элегантный и завершенный вид лестнице из керамогранита придадут специально выпускаемые для этого плинтуса, декоративные элементы и другие необходимые для окончательной отделки детали.<br />
Богатая цветовая гамма, а также имитация природного рисунка гранита облегчают выбор типа поверхности и в некоторых случаях &mdash; формы ступеней, а значит и общего облика лестницы. Керамогранитные ступени делают полированными и матовыми, а их края могут быть скошенными или закругленными. Неслучайно идеально подобранный керамогранит для лестницы часто становится основным украшением интерьера.<br />
Универсальность применения и вариативность дизайнерских решений сделали керамогранитные изысканные лестницы невероятно популярными и в архитектурных проектах и в интерьерных дизайнерских разработках.<br />
Мы можем предложить большой выбор керамогранитных ступеней: составные, стандартные, сборные. Вся продукция, начиная со способа обработки материала и заканчивая дизайном готовых изделий, создается с помощью самых современных технологий.<br />
Заказанная в &laquo;Рекаде&raquo; лестница будет полностью соответствовать Вашим индивидуальным пожеланиям. Стоит отметить, что главным приоритетом в работе для нас всегда было и остается разумное соотношение цены и качества, поэтому каждый сможет заказать ступени для лестниц (керамогранит) по доступной для него стоимости.<br />
Также компания Рекада предлагает огромный выбор подоконников из керамогранита, которые вы можете найти в соответствующем разделе нашего каталога.</p>
', 'stupeni', 'Керамогранит для лестниц: ступени для лестниц из керамогранита, керамогранитные ступени и плитка для ступеней', 'Керамогранит для лестниц обладает высокой прочностью, заказать ступени из керамогранита можно на сайте компании Рекада.', 'керамогранит для лестниц, ступени для лестниц из керамогранита, керамогранитные ступени, керамогранитная плитка для ступеней', 20, 'stupeni', false, 29, '1.29.42', 'brand', '2013-07-01 15:27:35', '2013-07-01 15:27:35', '', '');
INSERT INTO brand (id, is_published, title, content, page_url, page_title, page_description, page_keywords, "order", name, is_locked, id_parent, path, entity, created_at, updated_at, image, image_preview) VALUES (46, true, 'Смальта', '', 'smalta', 'Смальта', '', '', 20, 'smalta', false, 30, '1.30.46', 'brand', '2013-07-01 15:43:59', '2013-07-01 15:43:59', '', NULL);
INSERT INTO brand (id, is_published, title, content, page_url, page_title, page_description, page_keywords, "order", name, is_locked, id_parent, path, entity, created_at, updated_at, image, image_preview) VALUES (93, true, 'Италон', '', 'italon', 'Италон', '', '', 40, 'italon', false, 13, '1.13.93', 'brand', '2013-08-02 15:56:40', '2013-08-02 15:56:40', '', NULL);
INSERT INTO brand (id, is_published, title, content, page_url, page_title, page_description, page_keywords, "order", name, is_locked, id_parent, path, entity, created_at, updated_at, image, image_preview) VALUES (94, true, 'ОАЭ', '', 'oae', 'ОАЭ', '', '', 30, 'oae', false, 31, '1.31.94', 'brand', '2013-08-02 15:57:32', '2013-08-02 15:57:32', '', NULL);
INSERT INTO brand (id, is_published, title, content, page_url, page_title, page_description, page_keywords, "order", name, is_locked, id_parent, path, entity, created_at, updated_at, image, image_preview) VALUES (95, true, 'Китай', '', 'kitaj', 'Китай', '', '', 40, 'kitaj', false, 31, '1.31.95', 'brand', '2013-08-02 15:57:50', '2013-08-02 15:57:50', '', NULL);
INSERT INTO brand (id, is_published, title, content, page_url, page_title, page_description, page_keywords, "order", name, is_locked, id_parent, path, entity, created_at, updated_at, image, image_preview) VALUES (117, true, 'Слебы', '', 'sleby', 'Слебы', '', '', 60, 'sleby', false, 13, '1.13.117', 'brand', '2013-08-19 16:17:07', '2013-08-19 16:17:07', '', '');
INSERT INTO brand (id, is_published, title, content, page_url, page_title, page_description, page_keywords, "order", name, is_locked, id_parent, path, entity, created_at, updated_at, image, image_preview) VALUES (48, true, 'Италия', '', 'italiya', 'Италия', '', '', 0, 'italiya', false, 31, '1.31.48', 'brand', '2013-07-01 15:45:51', '2013-07-01 15:45:51', '', NULL);
INSERT INTO brand (id, is_published, title, content, page_url, page_title, page_description, page_keywords, "order", name, is_locked, id_parent, path, entity, created_at, updated_at, image, image_preview) VALUES (118, true, 'Подоконники', '<p>О&nbsp;преимуществах искусственного камня, более известного как керамогранит, знают многие. Качественный, прочный, износостойкий, привлекательный внешне материал уже давно применяется в&nbsp;отделке жилых и&nbsp;общественных зданий.</p>

<p>Компания &laquo;Рекада&raquo; представляет огромный выбор подоконников из&nbsp;искусственного камня, выполненных на&nbsp;современном, высокотехнологичном оборудовании, различных размеров, форм и&nbsp;цветов. Стильные и&nbsp;необычайно прочные подоконники из&nbsp;керамогранита станут настоящим функциональным украшением любого помещения, идеально вписавшись в&nbsp;интерьер дома или квартиры. Как универсальный элемент интерьера керамогранитные подоконники получили свое распространение, благодаря возможностям придавать им&nbsp;оригинальные формы и&nbsp;различные оттенки цвета. Несмотря на&nbsp;то&nbsp;что керамогранит появился на&nbsp;рынке отделочных материалов всего три десятилетия назад, его эстетические и&nbsp;практические свойства по&nbsp;достоинству смогли оценить уже очень многие потребители.</p>

<p>Обладая прочностью гранита, не&nbsp;боясь перепадов температуры и&nbsp;высокой влажности, подоконники из&nbsp;искусственного камня на&nbsp;протяжении долгих лет гарантируют первозданную красоту и&nbsp;безупречность поверхностей. Невысокие цены, отменное качество, долговечность и&nbsp;внешняя привлекательность&nbsp;&mdash; вот главные достоинства подоконников из&nbsp;этого удивительного материала.</p>

<p>Если вы хотите полностью сменить дизайн интерьера, вам помогут&nbsp;панно из керамогранита, которые в ассортименте представлены в соответствующем разделе нашего каталога.</p>
', 'podokonniki', 'Подоконники', '', '', 40, 'podokonniki', false, 29, '1.29.118', 'brand', '2013-08-19 16:34:53', '2013-08-19 16:34:53', '', '');
INSERT INTO brand (id, is_published, title, content, page_url, page_title, page_description, page_keywords, "order", name, is_locked, id_parent, path, entity, created_at, updated_at, image, image_preview) VALUES (119, true, 'Художественные бордюры', '', 'hudozhestvennye-bordyury', 'Художественные бордюры', '', '', 50, 'hudozhestvennye-bordyury', false, 29, '1.29.119', 'brand', '2013-08-19 16:36:19', '2013-08-19 16:36:19', '', '');
INSERT INTO brand (id, is_published, title, content, page_url, page_title, page_description, page_keywords, "order", name, is_locked, id_parent, path, entity, created_at, updated_at, image, image_preview) VALUES (120, true, 'Брекчия', '', 'brekchiya', 'Брекчия', '', '', 20, 'brekchiya', false, 30, '1.30.120', 'brand', '2013-08-19 16:37:34', '2013-08-19 16:37:34', '', '');
INSERT INTO brand (id, is_published, title, content, page_url, page_title, page_description, page_keywords, "order", name, is_locked, id_parent, path, entity, created_at, updated_at, image, image_preview) VALUES (34, true, 'Kerama-Marazzi', '<p>Завод керамогранита Kerama Marazzi является одним из крупнейших производителей керамогранита в России. В Ступино ежемесячно выпускается и реализуется не менее 500 тысяч кв.м. керамогранита. Коллекции керамогранита Марацци отражают все современные тренды в керамогранитной моде.<br />
Например, очень популярна на рынке коллекция керамогранита Керама Марацци Монблан, залогом успеха которой являются глубокие яркие цвета, создающие атмосферу дорогой выделки.<br />
Также обратите ваше внимание на новую французскую коллекию Керама Марацци, которая отличается необычной формой плит (400*800) и дизайном.</p>
', 'kerama-marazzi', 'Kerama-Marazzi', '', '', 20, 'kerama-marazzi', false, 13, '1.13.34', 'brand', '2013-07-01 14:38:21', '2013-07-01 14:38:21', '', '');
INSERT INTO brand (id, is_published, title, content, page_url, page_title, page_description, page_keywords, "order", name, is_locked, id_parent, path, entity, created_at, updated_at, image, image_preview) VALUES (141, true, 'Grasaro', '', 'grasaro', 'Grasaro', '', '', 50, 'grasaro', false, 13, '1.13.141', 'brand', '2013-08-26 15:10:58', '2013-08-26 15:10:58', '', '');


--
-- Data for Name: collection; Type: TABLE DATA; Schema: public; Owner: -
--

INSERT INTO collection (id, title) VALUES (1, 'Latte');
INSERT INTO collection (id, title) VALUES (2, 'Trend');
INSERT INTO collection (id, title) VALUES (3, 'Standart');
INSERT INTO collection (id, title) VALUES (4, 'Stone');
INSERT INTO collection (id, title) VALUES (5, 'Antika');
INSERT INTO collection (id, title) VALUES (6, 'Dream');
INSERT INTO collection (id, title) VALUES (7, 'Hard');
INSERT INTO collection (id, title) VALUES (8, 'Chalet');
INSERT INTO collection (id, title) VALUES (9, 'Технический керамогранит');
INSERT INTO collection (id, title) VALUES (10, 'Marmi');
INSERT INTO collection (id, title) VALUES (11, 'Strong');
INSERT INTO collection (id, title) VALUES (12, 'Marmi');
INSERT INTO collection (id, title) VALUES (14, 'Taste Time');
INSERT INTO collection (id, title) VALUES (15, 'Energy Time');


--
-- Name: collection_id_seq; Type: SEQUENCE SET; Schema: public; Owner: -
--

SELECT pg_catalog.setval('collection_id_seq', 15, true);


--
-- Data for Name: color; Type: TABLE DATA; Schema: public; Owner: -
--

INSERT INTO color (id, title, hex) VALUES (2, 'бежевые', '#d2a37d');
INSERT INTO color (id, title, hex) VALUES (3, 'коричневые', '#3a1c09');
INSERT INTO color (id, title, hex) VALUES (5, 'чёрные', '#000003');
INSERT INTO color (id, title, hex) VALUES (7, 'зелёные', '#13830c');
INSERT INTO color (id, title, hex) VALUES (6, 'синие', '#0037dd');
INSERT INTO color (id, title, hex) VALUES (4, 'серые', '#727678');
INSERT INTO color (id, title, hex) VALUES (1, 'белые', '#dfdccc');
INSERT INTO color (id, title, hex) VALUES (8, 'красные', '#c90000');


--
-- Name: color_id_seq; Type: SEQUENCE SET; Schema: public; Owner: -
--

SELECT pg_catalog.setval('color_id_seq', 8, true);


--
-- Data for Name: country; Type: TABLE DATA; Schema: public; Owner: -
--

INSERT INTO country (id, title) VALUES (1, 'Россия');
INSERT INTO country (id, title) VALUES (2, 'Италия');


--
-- Name: country_id_seq; Type: SEQUENCE SET; Schema: public; Owner: -
--

SELECT pg_catalog.setval('country_id_seq', 2, true);


--
-- Data for Name: feedback; Type: TABLE DATA; Schema: public; Owner: -
--

INSERT INTO feedback (id, name, email, phone, content, created_at) VALUES (1, 'Дмитрий Сергеевич Гроза', 'boxfrommars@gmail.com', '+7 (961) 537 34 07', 'fghfghfghfgh', '2013-07-01 11:45:27');
INSERT INTO feedback (id, name, email, phone, content, created_at) VALUES (2, 'Дмитрий Сергеевич Гроза', 'boxfrommars@gmail.com', '+7 (961) 537 34 07', 'fghfghfghfgh', '2013-07-01 11:45:50');
INSERT INTO feedback (id, name, email, phone, content, created_at) VALUES (3, 'Дмитрий Сергеевич Гроза', 'boxfrommars@gmail.com', '+7 (961) 537 34 07', 'fghfghfghfgh', '2013-07-01 11:47:25');
INSERT INTO feedback (id, name, email, phone, content, created_at) VALUES (4, 'Дмитрий Сергеевич Гроза', 'boxfrommars@gmail.com', '+7 (961) 537 34 07', 'fdgdfgdfgdfg', '2013-07-01 11:48:05');
INSERT INTO feedback (id, name, email, phone, content, created_at) VALUES (5, 'Дмитрий Сергеевич Гроза', 'boxfrommars@gmail.com', '+7 (961) 537 34 07', 'fdgdfgdfgdfg', '2013-07-01 11:48:12');
INSERT INTO feedback (id, name, email, phone, content, created_at) VALUES (6, 'Дмитрий Сергеевич Гроза', 'boxfrommars@gmail.com', '+7 (961) 537 34 07', 'fdgdfgdfgdfg', '2013-07-01 11:50:48');
INSERT INTO feedback (id, name, email, phone, content, created_at) VALUES (7, 'Дмитрий Сергеевич Гроза', 'boxfrommars@gmail.com', '+7 (961) 537 34 07', 'fdgdfgdfgdfg', '2013-07-01 11:52:22');
INSERT INTO feedback (id, name, email, phone, content, created_at) VALUES (8, 'Дмитрий Сергеевич Гроза', 'boxfrommars@gmail.com', '+7 (961) 537 34 07', 'dfgdfgdfgdfgdfgdfg', '2013-07-01 12:04:28');
INSERT INTO feedback (id, name, email, phone, content, created_at) VALUES (9, 'Дмитрий Сергеевич Гроза', 'boxfrommars@gmail.com', '+7 (961) 537 34 07', 'dfgdfgdfgdfgdfgdfg', '2013-07-01 12:07:46');
INSERT INTO feedback (id, name, email, phone, content, created_at) VALUES (10, 'Дмитрий Сергеевич Гроза', 'boxfrommars@gmail.com', '+7 (961) 537 34 07', 'dfgdfgdfgdfgdfgdfg', '2013-07-01 12:09:21');
INSERT INTO feedback (id, name, email, phone, content, created_at) VALUES (11, 'Дмитрий Сергеевич Гроза', 'boxfrommars@gmail.com', '+7 (961) 537 34 07', 'dfgdfgdfgdfgdfgdfg', '2013-07-01 12:10:35');
INSERT INTO feedback (id, name, email, phone, content, created_at) VALUES (12, 'Дмитрий Сергеевич Гроза', 'boxfrommars@gmail.com', '+7 (961) 537 34 07', 'dfgdfgdfgdfgdfgdfg', '2013-07-01 12:11:10');
INSERT INTO feedback (id, name, email, phone, content, created_at) VALUES (13, 'Дмитрий Сергеевич Гроза', 'boxfrommars@gmail.com', '+7 (961) 537 34 07', 'dfgdfgdfgdfgdfgdfg', '2013-07-01 12:13:52');
INSERT INTO feedback (id, name, email, phone, content, created_at) VALUES (14, 'dhjk', 'hi.penki@gmail.com', '', '', '2013-07-01 16:57:57');
INSERT INTO feedback (id, name, email, phone, content, created_at) VALUES (15, '', 'hi.penki@gmail.com', '', '', '2013-07-01 16:59:08');
INSERT INTO feedback (id, name, email, phone, content, created_at) VALUES (16, '', 'hi.penki@gmail.com', '915-344-44-95', '', '2013-07-01 17:05:00');
INSERT INTO feedback (id, name, email, phone, content, created_at) VALUES (17, 'lu', 'boxfrommars@gmail.com', '+7961', 'sfsdfsdfsdf sdf sdf sdf ', '2013-07-01 21:46:39');
INSERT INTO feedback (id, name, email, phone, content, created_at) VALUES (18, 'lu', 'boxfrommars@gmail.com', '+7961', 'sef ef wer we wer we r', '2013-07-01 21:47:25');
INSERT INTO feedback (id, name, email, phone, content, created_at) VALUES (19, 'Дмитрий', 'boxfrommars@gmail.com', '+7 (961) 537-3407', 'тест', '2013-07-01 22:07:48');
INSERT INTO feedback (id, name, email, phone, content, created_at) VALUES (20, 'Dmitry Groza', 'boxfrommars@gmail.com', '79618586088', 'йцуйцу', '2013-07-30 13:55:26');
INSERT INTO feedback (id, name, email, phone, content, created_at) VALUES (21, '', 'larina@rekada.ru', '', '', '2013-07-30 14:32:55');


--
-- Name: feedback_id_seq; Type: SEQUENCE SET; Schema: public; Owner: -
--

SELECT pg_catalog.setval('feedback_id_seq', 21, true);


--
-- Data for Name: gallery; Type: TABLE DATA; Schema: public; Owner: -
--

INSERT INTO gallery (id, is_published, title, image, created_at, updated_at, image_preview) VALUES (1, true, 'пример', 'TR_4(2).jpg', '2013-07-26 14:49:14', '2013-07-26 14:49:14', NULL);


--
-- Name: gallery_id_seq; Type: SEQUENCE SET; Schema: public; Owner: -
--

SELECT pg_catalog.setval('gallery_id_seq', 2, true);


--
-- Data for Name: gallerymain; Type: TABLE DATA; Schema: public; Owner: -
--

INSERT INTO gallerymain (id, is_published, title, text, image, created_at, updated_at, url) VALUES (1, true, 'Керамогранит', '<p>Оптовые поставки материала из наличия-</p>
<p>Подбор вариантов для Вашего объекта-</p>
<p>Индивидуальные скидки для подрядчиков-</p>
<p id="keramo_nal"><a href="#">Узнать наличие&nbsp;&gt;&gt;</a></p>', 'keramogr.jpg', '2013-05-17 06:48:16', '2013-05-17 06:48:16', '/keramogranit');
INSERT INTO gallerymain (id, is_published, title, text, image, created_at, updated_at, url) VALUES (3, true, 'Изделия и услуги', '', 'izdelia.jpg', '2013-07-01 16:01:33', '2013-07-01 16:01:33', '');
INSERT INTO gallerymain (id, is_published, title, text, image, created_at, updated_at, url) VALUES (4, true, 'Мозаика', '', 'mosaik.jpg', '2013-07-01 16:02:16', '2013-07-01 16:02:16', '');
INSERT INTO gallerymain (id, is_published, title, text, image, created_at, updated_at, url) VALUES (5, true, 'Плитка', '', 'blueslide.jpg', '2013-07-01 16:02:50', '2013-07-01 16:02:50', '');
INSERT INTO gallerymain (id, is_published, title, text, image, created_at, updated_at, url) VALUES (2, true, 'Натуральный камень', '<p>Оптовые поставки материала из наличия-</p>
<p>Подбор вариантов для Вашего объекта-</p>
<p>Индивидуальные скидки для подрядчиков-</p>
<p id="keramo_nal"><a href="#">Узнать наличие&nbsp;&gt;&gt;</a></p>', 'nkamen.jpg', '2013-05-17 07:17:31', '2013-05-17 07:17:31', '/naturalnyj-kamen');


--
-- Name: gallerymain_id_seq; Type: SEQUENCE SET; Schema: public; Owner: -
--

SELECT pg_catalog.setval('gallerymain_id_seq', 5, true);


--
-- Data for Name: news; Type: TABLE DATA; Schema: public; Owner: -
--

INSERT INTO news (id, is_published, title, content, page_url, page_title, page_description, page_keywords, "order", name, is_locked, id_parent, path, entity, created_at, updated_at, preview, published_at) VALUES (25, true, 'Свежая акция!', '<p>Акция на полированный керамогранит в ноябре! Feeling offended by Gregor''s delayed response in opening the door, the clerk warns him of the consequences of missing work. He adds that his recent performance has been unsatisfactory. Gregor disagrees and tells him that he will open the door shortly. Nobody on the other side of the door could understand a single word he uttered (Gregor was unaware of the fact that his voice has also transformed) and conclude that he is seriously ill. Finally, Gregor manages to unlock and open the door with his mouth. He apologizes to the office manager for the delay. Horrified by the sight of Gregor''s appearance, the manager bolts out of the apartment, while Gregor''s mother faints. Gregor tries to catch up with him but his father drives him back into the bedroom with a cane and a rolled newspaper. Gregor injures himself squeezing back through the doorway, and his father slams the door shut. Gregor, exhausted, falls asleep.</p>', 'svezhaya-aktsiya', 'Свежая акция!', NULL, NULL, 0, 'svezhaya-aktsiya', false, 9, '1.9.25', 'news', '2013-07-01 11:36:55', '2013-07-01 11:36:55', 'Акция на полированный керамогранит в ноябре', '2012-11-06 00:00:00');
INSERT INTO news (id, is_published, title, content, page_url, page_title, page_description, page_keywords, "order", name, is_locked, id_parent, path, entity, created_at, updated_at, preview, published_at) VALUES (26, true, 'Расширение линейки', 'Расширение линейки полированного керамогранита ', 'rasshirenie-linejki', 'Расширение линейки', NULL, NULL, 0, 'rasshirenie-linejki', false, 9, '1.9.26', 'news', '2013-07-01 11:36:55', '2013-07-01 11:36:55', 'Расширение линейки полированного керамогранита', '2012-10-31 00:00:00');
INSERT INTO news (id, is_published, title, content, page_url, page_title, page_description, page_keywords, "order", name, is_locked, id_parent, path, entity, created_at, updated_at, preview, published_at) VALUES (27, true, 'Спешите!', 'Специальная цена до 1 ноября - белый полированный керамогранит!', 'speshite', 'Спешите!', NULL, NULL, 0, 'speshite', false, 9, '1.9.27', 'news', '2013-07-01 11:36:55', '2013-07-01 11:36:55', 'Специальная цена до 1 ноября - белый полированный керамогранит!', '2012-10-15 00:00:00');


--
-- Name: page_id_seq; Type: SEQUENCE SET; Schema: public; Owner: -
--

SELECT pg_catalog.setval('page_id_seq', 153, true);


--
-- Data for Name: page_text; Type: TABLE DATA; Schema: public; Owner: -
--

INSERT INTO page_text (id, mark, "group", group_title, "position", title, content, created_at, updated_at) VALUES (1, 'first', 'main', 'Главная', 'Почему выбирают нас / первый блок', '-', '<h2>Комплекс: керамогранит, плитка, камень, мозаика</h2>

<p>Это очень удобно &ndash; приобрести облицовочные материалы у единого специализированного поставщика. Наши профессионалы готовы быстро рассчитать объёмы &nbsp;и стоимость керамогранита, плитки, камня и мозаики &laquo;под ключ&raquo;, как для частного покупателя, так и для корпоративного заказчика.</p>

<h2>Минимальный срок поставки</h2>

<p>Рекада-Центр предлагает товары исходя из наличия, поэтому срок поставки заказа редко превышает один день после оплаты. Если товар является уникальным (изделия, панно, миксы, спецобработка), или имеет специфические параметры по размерам, объёму, цветовому решению, то срок также остаётся минимальным &ndash; не более 14 дней.</p>

<h2>Профессиональная консультация</h2>

<p>Профессионализм наших менеджеров является гордостью нашей компании. Быстрое понимание задачи, компетентное обсуждение &nbsp;и скорый отклик с коммерческим предложением &nbsp;экономит массу времени заказчика, а значит и его деньги. Вам будет предложено лучшее решение по разумной цене.&nbsp;</p>', '2013-04-23 04:22:44', '2013-04-23 04:22:44');
INSERT INTO page_text (id, mark, "group", group_title, "position", title, content, created_at, updated_at) VALUES (3, 'third', 'main', 'Главная', 'Почему выбирают нас / третий блок', '-', '<h2>Выгодные цены для оптовых покупателей</h2>

<p>Многолетнее партнёрство и утверждённые в контрактах условия сотрудничества с производителями позволяют нам предлагать керамогранит по оптовым ценам или по отпускным ценам завода. При крупных заказах плитки, камня, мозаики &ndash; цены обсуждаются индивидуально.</p>

<h2>Доступность образцов</h2>

<p>В офисе компании всегда есть возможность посмотреть образцы керамогранита, плитки, камня или мозаики. Очень часто, для экономии времени, мы сначала отправляем заказчикам фото образцов по e-mail. После предварительного согласования, в случае крупного заказа, образец &nbsp;доставляется на объект для окончательного утверждения.</p>

<h2>12 лет опыта и успеха</h2>

<p>Надёжность поставщика &ndash; важный пункт при реализации проекта для любого заказчика. Налаженная и профессиональная работа всех звеньев: &nbsp;менеджера по продажам, инженера, логиста, администрации и бухгалтерии &ndash; причина успеха нашей компании. Именно поэтому наши клиенты обращаются к нам снова и смело рекомендуют своим друзьям и партнёрам.&nbsp;</p>

<p>&nbsp;</p>', '2013-04-23 04:22:44', '2013-04-23 04:22:44');
INSERT INTO page_text (id, mark, "group", group_title, "position", title, content, created_at, updated_at) VALUES (2, 'second', 'main', 'Главная', 'Почему выбирают нас / второй блок', '-', '<h2>Резка, обработка и изготовление изделий</h2>

<p>Рекада предлагает любые виды работ по обработке облицовочных плит (ступени, плинтуса, столешницы, подоконники, панно, мозаика, резка), для этого используется оборудование с &nbsp;технологией Waterjet. Расчёт стоимости работ или самих изделий осуществляется на основании ТЗ заказчика.</p>

<h2>Инженерная поддержка</h2>

<p>В составе компании работают специалисты, которые осуществляют инженерные расчёты, готовят чертежи и рассчитывают итоговую стоимость, используя профессиональные&nbsp;программы. Это особенно важно при изготовлении сложных изделий из камня, керамогранита и агломератов, а также при&nbsp;расчёте стоимости вентфасадов.</p>

<h2>Доставка в любую точку России</h2>

<p>Наша компания ежедневно отгружает значительные объёмы керамогранита, плитки или камня. В большинстве случаев заказчик поручает нашей компании доставить товар на объект: строительные площадки, коттеджи или апартаменты. Стоимость доставки обсуждается индивидуально, зависит от расстояния и объёма.</p>', '2013-04-23 04:22:44', '2013-04-23 04:22:44');


--
-- Name: page_text_id_seq; Type: SEQUENCE SET; Schema: public; Owner: -
--

SELECT pg_catalog.setval('page_text_id_seq', 3, true);


--
-- Data for Name: pattern; Type: TABLE DATA; Schema: public; Owner: -
--

INSERT INTO pattern (id, title) VALUES (3, 'Мрамор');
INSERT INTO pattern (id, title) VALUES (4, 'Гранит');
INSERT INTO pattern (id, title) VALUES (5, 'Старый камень');
INSERT INTO pattern (id, title) VALUES (6, 'Травертин');
INSERT INTO pattern (id, title) VALUES (7, 'Соль - перец');
INSERT INTO pattern (id, title) VALUES (8, 'Кожа');
INSERT INTO pattern (id, title) VALUES (9, 'Ткань');
INSERT INTO pattern (id, title) VALUES (10, 'Дерево');
INSERT INTO pattern (id, title) VALUES (11, 'Моноколор');
INSERT INTO pattern (id, title) VALUES (12, 'Металл');


--
-- Name: pattern_id_seq; Type: SEQUENCE SET; Schema: public; Owner: -
--

SELECT pg_catalog.setval('pattern_id_seq', 12, true);


--
-- Data for Name: surface; Type: TABLE DATA; Schema: public; Owner: -
--

INSERT INTO surface (id, title) VALUES (1, 'Полированный');
INSERT INTO surface (id, title) VALUES (3, 'Структурированный');
INSERT INTO surface (id, title) VALUES (4, 'Лаппатированный');
INSERT INTO surface (id, title) VALUES (2, 'Матовый');


--
-- Data for Name: product; Type: TABLE DATA; Schema: public; Owner: -
--

INSERT INTO product (id, is_published, title, content, page_url, page_title, page_description, page_keywords, "order", name, is_locked, id_parent, path, entity, created_at, updated_at, article, cost, image, id_surface, id_pattern, id_country, is_action, is_new, is_hit, width, height, depth, image_preview, id_collection) VALUES (105, true, 'Изготовление ступеней из стандартных плит', '<p>На данном рисунке показана стандартная ступень из керамогранита. Такая ступень изготавливается из обычной плитки, имеющей форматы 300х300, 400х400, 300х600 или 600х600. Насечки на поверхности обеспечивают заметный эффект противоскольжения, а закруглённый на 1/4 круга торец уменьшает риск споткнуться. Компания Рекада имеет значительный складской запас уже готовых ступеней такого рода и готова поставить изделия в кратчайшие сроки.</p>
', 'izgotovlenie-stupenej-iz-standartnyh-plit', 'Изготовление ступеней из стандартных плит', '', '', 200, 'izgotovlenie-stupenej-iz-standartnyh-plit', false, 42, '1.29.42.105', 'product', '2013-08-19 14:38:55', '2013-08-19 14:38:55', 'standart', 200.00, '', NULL, NULL, NULL, false, false, false, NULL, NULL, NULL, '', NULL);
INSERT INTO product (id, is_published, title, content, page_url, page_title, page_description, page_keywords, "order", name, is_locked, id_parent, path, entity, created_at, updated_at, article, cost, image, id_surface, id_pattern, id_country, is_action, is_new, is_hit, width, height, depth, image_preview, id_collection) VALUES (114, true, 'Обработка торца под 45''', '<p>Подрезание торцевых частей плит под углом 45 градусов - весьма&nbsp;востребованная работа, когда плитки из керамогранита монтируются по &quot;мокрой&quot; технологии, и должны плотно пристыковываться на углах здания. Для качественной обработки торца керамогранита, гранитных плит, природного или искусственного камня&nbsp;рекомендуется использовать гидрорезку. Для расчёта стоимости работ обратитесь к специалистам в компанию Рекада.</p>
', 'obrabotka-tortsa-pod-45', 'Обработка торца под 45''', '', '', 1100, 'obrabotka-tortsa-pod-45', false, 80, '1.29.80.114', 'product', '2013-08-19 15:55:54', '2013-08-19 15:55:54', 'rez45', 250.00, '', NULL, NULL, NULL, false, false, false, NULL, NULL, NULL, '', NULL);
INSERT INTO product (id, is_published, title, content, page_url, page_title, page_description, page_keywords, "order", name, is_locked, id_parent, path, entity, created_at, updated_at, article, cost, image, id_surface, id_pattern, id_country, is_action, is_new, is_hit, width, height, depth, image_preview, id_collection) VALUES (106, true, 'Изготовление плинтусов из стандартных плит', '<p>Керамогранитный плинтус, показанный на этой странице, изготавливается из любой плитки с размерами 300х300, 400х400, 600х600 или др. Обычно высота плинтуса составяет 90 или 100мм, но может быть любой, на усмотрение заказчика. Верхняя часть плинтуса закругляется для усиления эстетического эффекта. Аккуратное обрамление пола плинтусами &nbsp;является обязательным условием для помещений с высоким уровнем качества ремонта и отделки. Компания Рекада готова предоставить заказчикам в кратчайшие сроки уже готовые плинтуса, находящиеся на складе, или изготовить под заказ в течение 7-14 дней.</p>

<p>Так же мы можем предложить готовые плинтусы из наличия в стандартных коллекциях производителей керамогранита. Наличие и оптовую стоимость можно уточнить у менеджеров</p>

<p>по телефону +7 (495) 921-40-44</p>
', 'izgotovlenie-plintusov-iz-standartnyh-plit', 'Изготовление плинтусов из стандартных плит', '', '', 300, 'izgotovlenie-plintusov-iz-standartnyh-plit', false, 42, '1.29.42.106', 'product', '2013-08-19 14:45:02', '2013-08-19 14:45:02', 'standartpl', 100.00, '', NULL, NULL, NULL, false, false, false, NULL, NULL, NULL, '', NULL);
INSERT INTO product (id, is_published, title, content, page_url, page_title, page_description, page_keywords, "order", name, is_locked, id_parent, path, entity, created_at, updated_at, article, cost, image, id_surface, id_pattern, id_country, is_action, is_new, is_hit, width, height, depth, image_preview, id_collection) VALUES (115, true, 'Обработка слебов', '', 'obrabotka-slebov', 'Обработка слебов', '', '', 1200, 'obrabotka-slebov', false, 80, '1.29.80.115', 'product', '2013-08-19 16:05:32', '2013-08-19 16:05:32', 'rezsleb', 1.00, '', NULL, NULL, NULL, false, false, false, NULL, NULL, NULL, '', NULL);
INSERT INTO product (id, is_published, title, content, page_url, page_title, page_description, page_keywords, "order", name, is_locked, id_parent, path, entity, created_at, updated_at, article, cost, image, id_surface, id_pattern, id_country, is_action, is_new, is_hit, width, height, depth, image_preview, id_collection) VALUES (125, true, 'Соло 12 мм', '<p>Керамогранит Соло имеет специальную толщину в 12мм и специальный формат - 200*200. Это так называемый технический керамогранит, его назначение - использование в складских, производственных, торговых или подсобных помещениях, где подразумеваются высокие или сверхвысокие нагрузки на поверхность, например с использованием автопогрузчиков и складских стеллажей. 12мм-керамогранит в малом формате имеет&nbsp;высокий ресурс эксплуатации в подобных экстремальных условиях.</p>
', 'solo-12-mm', 'Соло 12 мм', '', '', 300, 'solo-12-mm', false, 34, '1.13.34.125', 'product', '2013-08-20 15:32:44', '2013-08-20 15:32:44', 'TU400', 1.00, '', 2, 11, 1, false, false, false, 20.0, 20.0, 12.0, '', NULL);
INSERT INTO product (id, is_published, title, content, page_url, page_title, page_description, page_keywords, "order", name, is_locked, id_parent, path, entity, created_at, updated_at, article, cost, image, id_surface, id_pattern, id_country, is_action, is_new, is_hit, width, height, depth, image_preview, id_collection) VALUES (37, true, 'Trend 40*40', '<p>Керамогранит TR - это коллекция, которую пожалуй еще не распробовал покупатель. TREND - керамогранит очень красивый, темные вкрапления разной величины, а также яркие и необычные фоновые цвета подняли его в более высокий класс. Сложность изготовления, яркость цветов оправдывает сравнительно высокую цену на эту коллекцию.</p>
', 'trend-4040', 'Trend', '', '', 40, 'trend-4040', false, 32, '1.13.32.37', 'product', '2013-07-01 15:19:18', '2013-07-01 15:19:18', 'TR', 650.00, 'TR-01.jpg', 2, 4, 1, false, false, false, 40.0, 40.0, 10.0, '', 2);
INSERT INTO product (id, is_published, title, content, page_url, page_title, page_description, page_keywords, "order", name, is_locked, id_parent, path, entity, created_at, updated_at, article, cost, image, id_surface, id_pattern, id_country, is_action, is_new, is_hit, width, height, depth, image_preview, id_collection) VALUES (116, true, 'Заказное панно', '<p>Компания Рекада,&nbsp;согласно технического задания заказчика,&nbsp;выполняет работы&nbsp;по изготовлению&nbsp;панно из керамогранита&nbsp;с любым рисунком, такие как: фирменный логотип, портреты, пейзажи или фантазийные мозаики. Обратитесь к менеджеру проектов для выяснения сроков выполнения и стоимости дизайнерских услуг.</p>
', 'zakaznoe-panno', 'Заказное панно', '', '', 100, 'zakaznoe-panno', false, 43, '1.29.43.116', 'product', '2013-08-19 16:12:15', '2013-08-19 16:12:15', 'pannozakaz', 30000.00, '', NULL, NULL, NULL, false, false, false, NULL, NULL, NULL, '', NULL);
INSERT INTO product (id, is_published, title, content, page_url, page_title, page_description, page_keywords, "order", name, is_locked, id_parent, path, entity, created_at, updated_at, article, cost, image, id_surface, id_pattern, id_country, is_action, is_new, is_hit, width, height, depth, image_preview, id_collection) VALUES (149, true, 'Технический керамогранит 20*20', '<p>Технический керамогранит предназначен для использования в таких помещениях, где на поверхность может оказываться значительная нагрузка (например: складские помещения, торговые помещения, помещения&nbsp;производственного назначения). Поэтому это, как правило, 12мм-керамогранит, то есть он имеет увеличенную толщину. Техногрес - это всегда мелкоформатный керамогранит 20*20 или керамогранит 30*30.</p>
', 'tehnicheskij-keramogranit-2020', 'Технический керамогранит 20*20', '', '', 210, 'tehnicheskij-keramogranit', false, 32, '1.13.32.149', 'product', '2013-08-28 15:14:38', '2013-08-28 15:14:38', 'ST', 665.00, 'st01.jpg', 2, 7, 1, false, false, false, 20.0, 20.0, 12.0, 'estima-st01-prev.jpg', 9);
INSERT INTO product (id, is_published, title, content, page_url, page_title, page_description, page_keywords, "order", name, is_locked, id_parent, path, entity, created_at, updated_at, article, cost, image, id_surface, id_pattern, id_country, is_action, is_new, is_hit, width, height, depth, image_preview, id_collection) VALUES (38, true, 'Trend 60*60', '<p>Керамогранит TR - это коллекция, которую пожалуй еще не распробовал покупатель. TREND - керамогранит очень красивый, темные вкрапления разной величины, а также яркие и необычные фоновые цвета подняли его в более высокий класс. Сложность изготовления, яркость цветов оправдывает сравнительно высокую цену на эту коллекцию.</p>
', 'trend-6060', 'Trend 60*60', '', '', 50, 'trend-4040', false, 32, '1.13.32.38', 'product', '2013-07-01 15:21:47', '2013-07-01 15:21:47', 'TR 60', 950.00, 'TRMosaico0105i.jpg', 2, 4, 1, false, false, false, 60.0, 60.0, 10.0, 'estima-TRMosaico0105i-prev.jpg', 2);
INSERT INTO product (id, is_published, title, content, page_url, page_title, page_description, page_keywords, "order", name, is_locked, id_parent, path, entity, created_at, updated_at, article, cost, image, id_surface, id_pattern, id_country, is_action, is_new, is_hit, width, height, depth, image_preview, id_collection) VALUES (107, true, 'Ступени с носиком', '<p>Сборные керамические ступени являются альтернативой для классических ступеней с насечками и закруглённым торцом. Во-первых, они имеют интересный вид&nbsp;с точки зрения дизайна, имитируя более толстые плиты из натурального камня. Во-вторых, ступени с носиком аккуратно закрывают зону подступёнка. Но с другой стороны,&nbsp;они имеют недостаток в том, что приклееный носик к керамической плитке может отклеиться под влиянием нагрузок, воды, льда и перепадов температуры. Таким образом, клеенные ступени менее&nbsp;надёжны для укладки на внешних пространствах.</p>
', 'stupeni-s-nosom', 'Сборные ступени с керамическим носиком', '', '', 400, 'sbornye-stupeni', false, 42, '1.29.42.107', 'product', '2013-08-19 14:47:39', '2013-08-19 14:47:39', 'sborstup', 1000.00, '', NULL, NULL, NULL, false, false, false, NULL, NULL, NULL, '', NULL);
INSERT INTO product (id, is_published, title, content, page_url, page_title, page_description, page_keywords, "order", name, is_locked, id_parent, path, entity, created_at, updated_at, article, cost, image, id_surface, id_pattern, id_country, is_action, is_new, is_hit, width, height, depth, image_preview, id_collection) VALUES (35, true, 'Standart 60*60', '<p>Коллекция керамогранита Estima ST или Standart - одна из самых старых и наиболее известных на рынке. Керамогранит ST имеет простой рисунок - фоновый цвет с мелкой крапинкой, т.н. керамогранит соль-перец. Такой цвет достаточно легок в изготовлении, соответственно - это недорогой материал, его простой цвет универсален в дизайне, и это и есть причина его сверхпопулярности.</p>
', 'standart-6060', 'Standart 60*60', '', '', 110, 'standart-6060', false, 32, '1.13.32.35', 'product', '2013-07-01 14:40:22', '2013-07-01 14:40:22', 'ST', 550.00, 'st01.jpg', 2, 7, 1, false, false, false, 60.0, 60.0, 10.0, 'estima-st01-prev.jpg', 3);
INSERT INTO product (id, is_published, title, content, page_url, page_title, page_description, page_keywords, "order", name, is_locked, id_parent, path, entity, created_at, updated_at, article, cost, image, id_surface, id_pattern, id_country, is_action, is_new, is_hit, width, height, depth, image_preview, id_collection) VALUES (51, true, 'Палаццо 60*60', '<p>Керамогранит Палаццо - исключительный выбор для любителей роскоши.</p>
', 'palatstso-6060', 'Палаццо 60*60', '', '', 20, 'palatstso-6060', false, 34, '1.13.34.51', 'product', '2013-07-04 14:15:07', '2013-07-04 14:15:07', 'GR73\SG6059', 2000.00, 'dekor-white.jpg', 4, 10, 1, false, true, false, 60.0, 60.0, 10.0, NULL, NULL);
INSERT INTO product (id, is_published, title, content, page_url, page_title, page_description, page_keywords, "order", name, is_locked, id_parent, path, entity, created_at, updated_at, article, cost, image, id_surface, id_pattern, id_country, is_action, is_new, is_hit, width, height, depth, image_preview, id_collection) VALUES (36, true, 'Stone 30*30', '<p>Коллекция керамогранита STONE - адаптированный вариант хорошо известного на рынке рельефного керамогранита ESTIMA ANTICA. Он лишен высокого дизайнерского стиля и, таким образом, очень прагматичен. Его назначение - входные группы или любые площади, где требуется т.н. антискользящий керамогранит.</p>
', 'stone-3030', 'Stone 30*30', '', '', 100, 'stone-3030', false, 32, '1.13.32.36', 'product', '2013-07-01 14:56:18', '2013-07-01 14:56:18', 'SN', 700.00, 'SN01.jpg', 3, 4, 1, false, true, false, 30.0, 30.0, 8.0, '', 4);
INSERT INTO product (id, is_published, title, content, page_url, page_title, page_description, page_keywords, "order", name, is_locked, id_parent, path, entity, created_at, updated_at, article, cost, image, id_surface, id_pattern, id_country, is_action, is_new, is_hit, width, height, depth, image_preview, id_collection) VALUES (50, true, 'Аллея 30*30', '', 'alleya-3030', 'Аллея 30*30', '', '', 10, 'alleya-3030', false, 34, '1.13.34.50', 'product', '2013-07-04 13:59:10', '2013-07-04 13:59:10', 'SG9065', 1300.00, 'list30.jpg', 2, 5, 1, true, false, false, 30.0, 30.0, 8.0, NULL, NULL);
INSERT INTO product (id, is_published, title, content, page_url, page_title, page_description, page_keywords, "order", name, is_locked, id_parent, path, entity, created_at, updated_at, article, cost, image, id_surface, id_pattern, id_country, is_action, is_new, is_hit, width, height, depth, image_preview, id_collection) VALUES (121, true, 'Панно Estima', '', 'panno-estima', 'Панно Estima', '', '', 20, 'panno-estima', false, 43, '1.29.43.121', 'product', '2013-08-19 16:43:38', '2013-08-19 16:43:38', 'ESPan', 5000.00, '', NULL, NULL, NULL, false, false, false, NULL, NULL, NULL, '', NULL);
INSERT INTO product (id, is_published, title, content, page_url, page_title, page_description, page_keywords, "order", name, is_locked, id_parent, path, entity, created_at, updated_at, article, cost, image, id_surface, id_pattern, id_country, is_action, is_new, is_hit, width, height, depth, image_preview, id_collection) VALUES (52, true, 'Ступень 1200*30', '', 'stupen-120030', 'Ступень 1200*30', '', '', 10, 'stupen-120030', false, 42, '1.29.42.52', 'product', '2013-07-04 14:22:43', '2013-07-04 14:22:43', 'S120/30', 8000.00, 'ступень (1).jpg', NULL, NULL, NULL, true, false, false, NULL, NULL, NULL, '', NULL);
INSERT INTO product (id, is_published, title, content, page_url, page_title, page_description, page_keywords, "order", name, is_locked, id_parent, path, entity, created_at, updated_at, article, cost, image, id_surface, id_pattern, id_country, is_action, is_new, is_hit, width, height, depth, image_preview, id_collection) VALUES (64, true, 'Dream 60*60', '<p>Керамогранит DREAM - сравнительно новая коллекция. В ней отражается более спокойная цветовая гамма, более легкий изгиб рисунка в сравнении с другими коллекциями ESTIMA из серии керамогранит под мрамор. Керамогранит DR имеет относительно много пастельных оттенков, и имеет хороший спрос у специалистов в области дизайна помещений.</p>
', 'dream-6060', 'Dream 60*60', '', '', 30, 'dream-6060', false, 32, '1.13.32.64', 'product', '2013-07-23 13:54:14', '2013-07-23 13:54:14', 'DR', 970.00, 'estima dream foto.jpg', 1, 3, 1, false, false, false, 60.0, 60.0, 10.0, '', 6);
INSERT INTO product (id, is_published, title, content, page_url, page_title, page_description, page_keywords, "order", name, is_locked, id_parent, path, entity, created_at, updated_at, article, cost, image, id_surface, id_pattern, id_country, is_action, is_new, is_hit, width, height, depth, image_preview, id_collection) VALUES (108, true, 'Составная ступень', '<p>Составные ступени представляют собой единый комплект ступени, бордюра&nbsp;и подступёнка. Длины ступеней и подступенка из керамогранита обычно варьируются от 60 до 120мм. Сборная ступень подразумевает высокий класс отделки лестниц, воплощая единый стиль и монолитность облицовки.</p>
', 'sostavnaya-stupen', 'Составная ступень', '', '', 500, 'sostavnaya-stupen', false, 42, '1.29.42.108', 'product', '2013-08-19 14:51:48', '2013-08-19 14:51:48', 'komplectstup', 1200.00, '', NULL, NULL, NULL, false, false, false, NULL, NULL, NULL, '', NULL);
INSERT INTO product (id, is_published, title, content, page_url, page_title, page_description, page_keywords, "order", name, is_locked, id_parent, path, entity, created_at, updated_at, article, cost, image, id_surface, id_pattern, id_country, is_action, is_new, is_hit, width, height, depth, image_preview, id_collection) VALUES (142, true, 'Технический керамогранит 30*30', '<p>Технический керамогранит предназначен для использования в таких помещениях, где на поверхность может оказываться значительная нагрузка (например: складские помещения, торговые помещения, помещения&nbsp;производственного назначения). Поэтому это, как правило, 12мм-керамогранит, то есть он имеет увеличенную толщину. Техногрес - это всегда мелкоформатный керамогранит 20*20 или керамогранит 30*30.</p>
', 'tehnicheskij-keramogranit-3030', 'Технический керамогранит 30*30', '', '', 180, 'tehnicheskij-keramogranit', false, 32, '1.13.32.142', 'product', '2013-08-26 15:17:53', '2013-08-26 15:17:53', 'ST', 570.00, 'st01.jpg', 2, 7, 1, false, false, false, 30.0, 30.0, 12.0, 'estima-st01-prev.jpg', 9);
INSERT INTO product (id, is_published, title, content, page_url, page_title, page_description, page_keywords, "order", name, is_locked, id_parent, path, entity, created_at, updated_at, article, cost, image, id_surface, id_pattern, id_country, is_action, is_new, is_hit, width, height, depth, image_preview, id_collection) VALUES (153, true, 'Energy Time', '', 'energy-time', 'Energy Time', '', '', 220, 'energy-time', false, 32, '1.13.32.153', 'product', '2013-08-28 17:45:52', '2013-08-28 17:45:52', 'NG', 700.00, 'energy.jpg', 2, 4, 1, false, false, false, 40.0, 40.0, 9.0, 'energy.jpg', 15);
INSERT INTO product (id, is_published, title, content, page_url, page_title, page_description, page_keywords, "order", name, is_locked, id_parent, path, entity, created_at, updated_at, article, cost, image, id_surface, id_pattern, id_country, is_action, is_new, is_hit, width, height, depth, image_preview, id_collection) VALUES (70, true, 'Специи 30*30', '<p>Коллекция Специи (керамогранит Имбирь) является популярной по умолчанию. В первую очередь из-за своей дешевизны - технология производства керамогранита соль-перец известна каждому производителю, плюс простота его изготовления, что и определяет его низкую стоимость. А во-вторую - универсальность рисунка и формата 300*300.</p>
', 'spetsii-3030', 'Специи 30*30', '', '', 40, 'spetsii-3030', false, 34, '1.13.34.70', 'product', '2013-07-23 14:18:25', '2013-07-23 14:18:25', 'SP90', 270.00, '26068481cbf2022198e42508e001ad5a.jpg', 2, 7, 1, false, false, false, 30.0, 30.0, 8.0, NULL, NULL);
INSERT INTO product (id, is_published, title, content, page_url, page_title, page_description, page_keywords, "order", name, is_locked, id_parent, path, entity, created_at, updated_at, article, cost, image, id_surface, id_pattern, id_country, is_action, is_new, is_hit, width, height, depth, image_preview, id_collection) VALUES (71, true, 'Рубикон 30*30', '<p>Керамогранит Рубикон - это констатация ныне модного тренда: использование рельефного керамогранита под колотый камень. Такой материал неплох не только в дизайне, но и имеет сугубо прагматичный смысл - это нескользкая плитка.</p>
', 'rubikon-3030', 'Рубикон 30*30', '', '', 30, 'rubikon-3030', false, 34, '1.13.34.71', 'product', '2013-07-23 14:43:48', '2013-07-23 14:43:48', 'TU90', 550.00, '718953cebcf27128b6a155a0a4f37002.jpg', 3, 5, 1, false, false, false, 30.0, 30.0, 8.0, NULL, NULL);
INSERT INTO product (id, is_published, title, content, page_url, page_title, page_description, page_keywords, "order", name, is_locked, id_parent, path, entity, created_at, updated_at, article, cost, image, id_surface, id_pattern, id_country, is_action, is_new, is_hit, width, height, depth, image_preview, id_collection) VALUES (77, true, 'Столешница прямая', '<p>Прямоугольная столешница без дополнительных вырезов. Стоимость указана за квадратный метр</p>
', 'stoleshnitsa-pryamaya', 'Столешница прямая', '', '', 10, 'stoleshnitsa-pryamaya', false, 75, '1.29.75.77', 'product', '2013-07-25 16:41:58', '2013-07-25 16:41:58', 'prst', 3000.00, 'b728c974590478d73075182b8369bdd9.png', NULL, NULL, NULL, false, false, false, NULL, NULL, NULL, NULL, NULL);
INSERT INTO product (id, is_published, title, content, page_url, page_title, page_description, page_keywords, "order", name, is_locked, id_parent, path, entity, created_at, updated_at, article, cost, image, id_surface, id_pattern, id_country, is_action, is_new, is_hit, width, height, depth, image_preview, id_collection) VALUES (74, true, 'Sunsetgold', '', 'sunsetgold', 'Sunsetgold', '', '', 30, 'sunsetgold', false, 39, '1.28.39.74', 'product', '2013-07-23 14:55:42', '2013-07-23 14:55:42', 'SG', 3500.00, 'sunsetgold.jpg', 2, 4, 1, false, false, false, 180.0, 120.0, 20.0, NULL, NULL);
INSERT INTO product (id, is_published, title, content, page_url, page_title, page_description, page_keywords, "order", name, is_locked, id_parent, path, entity, created_at, updated_at, article, cost, image, id_surface, id_pattern, id_country, is_action, is_new, is_hit, width, height, depth, image_preview, id_collection) VALUES (78, true, 'Угловая столешница', '', 'uglovaya-stoleshnitsa', 'Угловая столешница', '', '', 20, 'uglovaya-stoleshnitsa', false, 75, '1.29.75.78', 'product', '2013-07-25 17:15:17', '2013-07-25 17:15:17', 'ugst', 80000.00, '706ea208649dee8dc01d8806fccfcd4f.png', NULL, NULL, NULL, false, false, false, NULL, NULL, NULL, NULL, NULL);
INSERT INTO product (id, is_published, title, content, page_url, page_title, page_description, page_keywords, "order", name, is_locked, id_parent, path, entity, created_at, updated_at, article, cost, image, id_surface, id_pattern, id_country, is_action, is_new, is_hit, width, height, depth, image_preview, id_collection) VALUES (72, true, 'Black galaxy', '', 'black-galaxy', 'Black galaxy', '', '', 10, 'black-galaxy', false, 39, '1.28.39.72', 'product', '2013-07-23 14:49:23', '2013-07-23 14:49:23', 'BG', 4000.00, 'black_galaxy.jpg', 1, 4, 1, false, false, false, 180.0, 120.0, 20.0, NULL, NULL);
INSERT INTO product (id, is_published, title, content, page_url, page_title, page_description, page_keywords, "order", name, is_locked, id_parent, path, entity, created_at, updated_at, article, cost, image, id_surface, id_pattern, id_country, is_action, is_new, is_hit, width, height, depth, image_preview, id_collection) VALUES (73, true, 'Blue perl', '', 'blue-perl', 'Blue perl', '', '', 20, 'blue-perl', false, 39, '1.28.39.73', 'product', '2013-07-23 14:51:12', '2013-07-23 14:51:12', 'BP', 4500.00, 'blue_perl.jpg', 1, 4, 1, false, false, false, 180.0, 120.0, 20.0, NULL, NULL);
INSERT INTO product (id, is_published, title, content, page_url, page_title, page_description, page_keywords, "order", name, is_locked, id_parent, path, entity, created_at, updated_at, article, cost, image, id_surface, id_pattern, id_country, is_action, is_new, is_hit, width, height, depth, image_preview, id_collection) VALUES (82, true, 'Вырез ячейки', '<p>Вырез ячейки в составе нескольких плит - эту работу опять-таки рекомендуется выполнить по технологии гидрорезки, т.к. требуется точность и имеется большой риск боя плиток при выполнении работы ручным инструментом. Ячейка в плитке может быть необходима для вставки декоративного элемента или для расположения в этом месте какого-либо элемента оборудования (электрического, сантехнического и др.).</p>
', 'vyrez-yachejki', 'Вырез ячейки в составе нескольких плит', '', '', 20, 'vyrez-yachejki-v-sostave-neskolkih-plit', false, 80, '1.29.80.82', 'product', '2013-07-29 15:55:41', '2013-07-29 15:55:41', 'yrez', 500.00, '5.png', NULL, NULL, NULL, false, false, false, NULL, NULL, NULL, NULL, NULL);
INSERT INTO product (id, is_published, title, content, page_url, page_title, page_description, page_keywords, "order", name, is_locked, id_parent, path, entity, created_at, updated_at, article, cost, image, id_surface, id_pattern, id_country, is_action, is_new, is_hit, width, height, depth, image_preview, id_collection) VALUES (83, true, 'Квадратное отверстие', '<p>Вырез квадратного отверстия в плите невозможно сделать в кустарных условиях ни с помощью плиткореза, ни с помощью болгарки. Это с виду сложная работа легко и просто выполняется с помощью гидрорезки. Квадратное отверстие в плитке необходимо, чтобы вставить определённого вида лючок, декоративную вставку или электрическую розетку. Позвоните в офис компании Рекада для получения расчёта стоимости такой работы.&nbsp;</p>
', 'kvadratnoe-otverstie', 'Вырез квадратного отверстия', '', '', 30, 'vyrez-kvadratnogo-otverstiya', false, 80, '1.29.80.83', 'product', '2013-07-29 15:57:12', '2013-07-29 15:57:12', 'vrez', 800.00, '6.png', NULL, NULL, NULL, false, false, false, NULL, NULL, NULL, NULL, NULL);
INSERT INTO product (id, is_published, title, content, page_url, page_title, page_description, page_keywords, "order", name, is_locked, id_parent, path, entity, created_at, updated_at, article, cost, image, id_surface, id_pattern, id_country, is_action, is_new, is_hit, width, height, depth, image_preview, id_collection) VALUES (79, true, 'Столешница', '', 'stoleshnitsa-pod-rakovinu', 'Столешница под раковину', '', '', 30, 'stoleshnitsa-s-1-vyrezom', false, 75, '1.29.75.79', 'product', '2013-07-25 17:35:51', '2013-07-25 17:35:51', 'vrst', 95000.00, '9c83d19e27ae60e07b3991ed3fee60e2.png', NULL, NULL, NULL, false, false, false, NULL, NULL, NULL, NULL, NULL);
INSERT INTO product (id, is_published, title, content, page_url, page_title, page_description, page_keywords, "order", name, is_locked, id_parent, path, entity, created_at, updated_at, article, cost, image, id_surface, id_pattern, id_country, is_action, is_new, is_hit, width, height, depth, image_preview, id_collection) VALUES (145, true, 'Marmi 40*40', '', 'marmi-4040', 'Marmi 40*40', '', '', 200, 'marmi-4040', false, 32, '1.13.32.145', 'product', '2013-08-28 12:54:11', '2013-08-28 12:54:11', 'mr', 665.00, 'marmi.jpg', 2, 3, 1, false, false, false, 40.0, 40.0, 9.0, 'marmi.jpg', 12);
INSERT INTO product (id, is_published, title, content, page_url, page_title, page_description, page_keywords, "order", name, is_locked, id_parent, path, entity, created_at, updated_at, article, cost, image, id_surface, id_pattern, id_country, is_action, is_new, is_hit, width, height, depth, image_preview, id_collection) VALUES (109, true, 'Сверление под кайл', '<p>Свереление отверстий в фасадных керамогранитных плитах - необходимость при использовании так называемого скрытого способа крепления облицовочного керамогранита. Такой вариант крепления противопоставлен открытому способу - с помощью кляммеров (кляймеров).&nbsp;В таком случае лапки крепежного элемента захватывают плиту и видны снаружи. Крепление же с помощью кайла (&quot;keil&quot;) позволяет скрепить подконструкцию вентсистемы и керамогранит изнутри. Но для этого, согласно проектной документации, требуется просверлить отверстия с обратной стороны плитки. Кайл, расширяясь внутри отверстия, исполняет таким образом&nbsp;функцию &quot;железного захвата&quot;, происходит надёжный и невозвратный крепёж. Нюанс в том, что сверление отверстия должно быть выполнено очень точно, быть не сквозным, но достаточно глубоким, и, главное, расширяться в глубине материала. Обратитесь к нашим менеджерам для выяснения стоимости указанных работ.</p>
', 'sverlenie-pod-kajl', 'Сверление под кайл', '', '', 600, 'sverlenie-pod-kajl', false, 80, '1.29.80.109', 'product', '2013-08-19 15:21:43', '2013-08-19 15:21:43', 'rezkeil', 80.00, '', NULL, NULL, NULL, false, false, false, NULL, NULL, NULL, '', NULL);
INSERT INTO product (id, is_published, title, content, page_url, page_title, page_description, page_keywords, "order", name, is_locked, id_parent, path, entity, created_at, updated_at, article, cost, image, id_surface, id_pattern, id_country, is_action, is_new, is_hit, width, height, depth, image_preview, id_collection) VALUES (111, true, 'Торцевые прорези', '<p>Прорези в торцах керамогранитных плит, а также в плитах из гранита, мрамора или агломерата, могут быть необходимы при монтаже навесного вентилируемого фасада с помощью планок или с помощью специальных кляммеров. Такой способ - способ скрытого крепления керамогранита в вентсиситемах&nbsp;- более эстетичен, т.к.&nbsp;внешние стороны облицовочных плит&nbsp;остаются свободными. При открытом же способе крепеления&nbsp;лапки кляммера снаружи&nbsp;огибают и удерживают плиту, но при этом выступающие металлические части крепежа портят&nbsp;красивую монолитную облицовочную поверхность. Изготовление ровных канавок в торцах гранитных плит представляет собой сложную работу: во-первых, возникает риск скола тонких стенок плиток, во-вторых, неоходимо, чтобы&nbsp;канавка&nbsp;была абсолютно ровной и параллельной к краю. Обратитесь к специалистам&nbsp;компании Рекада&nbsp;для расчёта стоимости указанной работы.</p>
', 'tortsevye-prorezi', 'Торцевые прорези', '', '', 800, 'tortsevye-prorezi', false, 80, '1.29.80.111', 'product', '2013-08-19 15:42:46', '2013-08-19 15:42:46', 'reztorec', 300.00, '', NULL, NULL, NULL, false, false, false, NULL, NULL, NULL, '', NULL);
INSERT INTO product (id, is_published, title, content, page_url, page_title, page_description, page_keywords, "order", name, is_locked, id_parent, path, entity, created_at, updated_at, article, cost, image, id_surface, id_pattern, id_country, is_action, is_new, is_hit, width, height, depth, image_preview, id_collection) VALUES (123, true, 'Каскад', '<p>Керамогранит Каскад -&nbsp;удачная тема в стиле керамогранитной мозаики. Классическая мозаика является неотъемлемым материалом в отделке бассейнов, купелей, помещений для душа, сауны, т.к. решает как минимум две задачи. Во-первых, плитка, то намокая, то высыхая, и таким образом - сжимаясь и расширяясь,&nbsp;должна иметь дополнительное пространство для своего хода в виде межплиточных швов. Во-вторых, ее бугристая поверхность имеет отличный противоскользящий эффект, уместный во влажных помещениях. Каскад представлят собой готовую мозаичную пластину, которая смыкаясь с другими плитами образует круги,&nbsp;вид которых украсят любое пространство.&nbsp;</p>
', 'kaskad', 'Каскад', '', '', 100, 'kaskad', false, 34, '1.13.34.123', 'product', '2013-08-20 14:51:06', '2013-08-20 14:51:06', 'SG107', 1.00, '', 2, 5, 1, false, false, false, 42.0, 42.0, 9.0, '', NULL);
INSERT INTO product (id, is_published, title, content, page_url, page_title, page_description, page_keywords, "order", name, is_locked, id_parent, path, entity, created_at, updated_at, article, cost, image, id_surface, id_pattern, id_country, is_action, is_new, is_hit, width, height, depth, image_preview, id_collection) VALUES (146, true, 'Marmi 60*60', '', 'marmi-6060', 'Marmi 60*60', '', '', 190, 'marmi-4040', false, 32, '1.13.32.146', 'product', '2013-08-28 14:14:23', '2013-08-28 14:14:23', 'mr', 680.00, 'marmi.jpg', 2, 3, 1, false, false, false, 60.0, 60.0, 10.0, 'marmi.jpg', 12);
INSERT INTO product (id, is_published, title, content, page_url, page_title, page_description, page_keywords, "order", name, is_locked, id_parent, path, entity, created_at, updated_at, article, cost, image, id_surface, id_pattern, id_country, is_action, is_new, is_hit, width, height, depth, image_preview, id_collection) VALUES (91, true, 'Antica 30*30', '<p>Керамогранит ANTICA - это так сказать нишевый материал, он очень специфичен, но у него есть изюминка, которая и позволила ему так долго оставаться популярным. Во-первых, это рельефный керамогранит, т.н. керамогранит под камень или под состаренный камень, он весьма популярен в дизайне. Во-вторых, имея структурированную поверхность, очень востребован для отделки входных групп как противоскользящий керамогранит.</p>
', 'antica-3030', 'Antica 30*30', '', '', 10, 'antika-3030', false, 32, '1.13.32.91', 'product', '2013-07-30 17:08:43', '2013-07-30 17:08:43', 'AN', 530.00, 'estima-Antica-foto.jpg', 3, 5, 1, true, false, true, 30.0, 30.0, 8.0, 'estima-Antica-foto.jpg', 5);
INSERT INTO product (id, is_published, title, content, page_url, page_title, page_description, page_keywords, "order", name, is_locked, id_parent, path, entity, created_at, updated_at, article, cost, image, id_surface, id_pattern, id_country, is_action, is_new, is_hit, width, height, depth, image_preview, id_collection) VALUES (81, true, 'Прямая резка', '<p>Прямые резы керамогранита - это наиболее простая работа, и зачастую она может быть выполнена заказчиком самостоятельно либо ручным интструментом (плиткорезом), либо стационарной электрической угло-шлифовальной машиной с &quot;алмазным&quot; диском для камня (болгарка). Но когда встаёт вопрос о большом объёме работ, высоком качестве получаемых изделий или особенных свойств плиты (крупноформатные плиты, значительная толщина), - тогда возникает потребность в гидроабразивной резке. Компания Рекада предоставляет большой список работ по прямой резке, причём в каждом изделии будет снята фаска, вплоть до долей милиметра быдут соблюдены параметры по длине, ширине и другим геометрическим показателям.</p>

<p>Существует три цели прямой нарезки плитки из керамогранита:</p>

<p>- резка плит на полосы или квадраты необходима, как правило, чтобы немного разнообразить стандартную схему укладки плит. Используя квадратные вставки из керамогранита с цветом отличным от основного можно значительно усилить дизайнерскую составляющую в скучной монотонной облицовке. То же касается и полосок из керамогранита.</p>

<p>-&nbsp;резка плит на равные части, что особенно часто используется для керамогранита 60х60. Дело в том, что таким образом можно легко и относительно недорого получить плиту 30х60, которая очень популярна у архитекторов и дизайнеров. А формат 30х60 в производственной линейке заводов встречается гораздо реже нежели обычные квадратные плиты. Компания Рекада готова быстро и качественно осуществить крупные объёмы резки такого рода.</p>

<p>-&nbsp;подрезка плит из керамогранита необходима для получения так называемых доборных элементов. Высококачественные доборные элементы могут быть необходимы при монтаже вентфасадов со скрытой системой крепления (с помощью крепежа типа &quot;keil&quot; или с помощью планки), а иногда и при обычной укладке на клей, когда испульзуется например дорогостоящий материал, случайная порча которого неприемлема.</p>
', 'pryamaya-rezka', 'Прямая резка', '', '', 10, 'pryamaya-rezka', false, 80, '1.29.80.81', 'product', '2013-07-29 15:49:44', '2013-07-29 15:49:44', 'prez', 180.00, '4.png', NULL, NULL, NULL, false, false, false, NULL, NULL, NULL, NULL, NULL);
INSERT INTO product (id, is_published, title, content, page_url, page_title, page_description, page_keywords, "order", name, is_locked, id_parent, path, entity, created_at, updated_at, article, cost, image, id_surface, id_pattern, id_country, is_action, is_new, is_hit, width, height, depth, image_preview, id_collection) VALUES (84, true, 'Срез углов', '<p>Срез углов керамогранита востребован когда укладка плит происходит не параллельно стенам, а под углом. Ещё одна причина - подготовка больших плит под небольшие квадратные вставки (декоры). Это достаточно масштабная работа, требующая высокоточной резки плит, а значит лучшим способом будет гидроабразивная резка.</p>
', 'srez-uglov', 'Срез углов', '', '', 40, 'srez-uglov', false, 80, '1.29.80.84', 'product', '2013-07-29 15:58:28', '2013-07-29 15:58:28', 'srez', 200.00, '7.png', NULL, NULL, NULL, false, false, false, NULL, NULL, NULL, NULL, NULL);
INSERT INTO product (id, is_published, title, content, page_url, page_title, page_description, page_keywords, "order", name, is_locked, id_parent, path, entity, created_at, updated_at, article, cost, image, id_surface, id_pattern, id_country, is_action, is_new, is_hit, width, height, depth, image_preview, id_collection) VALUES (86, true, 'Закругление углов', '<p>Закругление углов плит из керамогранита, гранита или мрамора особенно часто используется при изготовлении из них лестничных ступеней, подоконников или столешниц. Зачастую также эта работа совмещается и с дополнительной обработкой торцов плиток: закругление на 1/4 круга или 1/2 круга. Это объясняется тем, что обрабатываемые плиты, как правило, выступают от основы или находятся на краю рабочей поверхности, и, следовательно, острые края не должны мешать эксплуатации.</p>
', 'zakruglenie-uglov', 'Закругление углов', '', '', 60, 'zakruglenie-uglov', false, 80, '1.29.80.86', 'product', '2013-07-29 16:01:54', '2013-07-29 16:01:54', 'zarez', 500.00, '9.png', NULL, NULL, NULL, false, false, false, NULL, NULL, NULL, NULL, NULL);
INSERT INTO product (id, is_published, title, content, page_url, page_title, page_description, page_keywords, "order", name, is_locked, id_parent, path, entity, created_at, updated_at, article, cost, image, id_surface, id_pattern, id_country, is_action, is_new, is_hit, width, height, depth, image_preview, id_collection) VALUES (87, true, 'Закругление по дуге', '<p>Закругление керамогранитных плит по дуге часто применяется в следующих случаях: изготовление столешниц &nbsp;из гранита, мрамора или керамогранита (для кухни, ванных комнат, баров, приёмных); изготовления подоконников &nbsp;из камня, гранита, мрамора или керамогранита (для эркеров, обзорных зон помещений); изготовления ступеней лестниц (входные группу в виде полугруга, винтовые лестницы). Также к этим работам, как правило, прибавляются работы по обработке края плит с изготовлением разлчиных его профилей (в 1/2 круга, в 1/4 круга, волнообразные).</p>
', 'zakruglenie-po-duge', 'Закругление по дуге', '', '', 70, 'zakruglenie-po-duge', false, 80, '1.29.80.87', 'product', '2013-07-29 16:07:00', '2013-07-29 16:07:00', 'drez', 800.00, '10 (1).png', NULL, NULL, NULL, false, false, false, NULL, NULL, NULL, NULL, NULL);
INSERT INTO product (id, is_published, title, content, page_url, page_title, page_description, page_keywords, "order", name, is_locked, id_parent, path, entity, created_at, updated_at, article, cost, image, id_surface, id_pattern, id_country, is_action, is_new, is_hit, width, height, depth, image_preview, id_collection) VALUES (96, true, 'Standart 40*40', '<p>Коллекция керамогранита Estima ST или Standart - одна из самых старых и наиболее известных на рынке. Керамогранит ST имеет простой рисунок - фоновый цвет с мелкой крапинкой, т.н. керамогранит соль-перец. Такой цвет достаточно легок в изготовлении, соответственно - это недорогой материал, его простой цвет универсален в дизайне, и это и есть причина его сверхпопулярности.</p>
', 'standart-4040', 'Standart 40*40', '', '', 130, 'standart-4040', false, 32, '1.13.32.96', 'product', '2013-08-14 14:33:04', '2013-08-14 14:33:04', 'ST', 430.00, 'a5767365d4f4b4f2c192a78531f11134.jpg', NULL, 7, 1, false, false, false, 40.0, 40.0, 9.0, 'prevu.jpg', 3);
INSERT INTO product (id, is_published, title, content, page_url, page_title, page_description, page_keywords, "order", name, is_locked, id_parent, path, entity, created_at, updated_at, article, cost, image, id_surface, id_pattern, id_country, is_action, is_new, is_hit, width, height, depth, image_preview, id_collection) VALUES (112, true, 'Ажурная гравировка', '<p>Ажурная гравировка на плитке - необычный способ обработки керамогранита. Узоры, портреты, пейзажи, логотипы или надписи на керамогранитных плитках - это только неполный список уникальных работ, которые выполняются по требованию заказчика.&nbsp; Для определения сроков и расчёта стоимости обратитесь к специалистам компании Рекада.</p>
', 'azhurnaya-gravirovka', 'Ажурная гравировка', '', '', 900, 'azhurnaya-gravirovka', false, 80, '1.29.80.112', 'product', '2013-08-19 15:50:23', '2013-08-19 15:50:23', 'rezgravir', 1000.00, '', NULL, NULL, NULL, false, false, false, NULL, NULL, NULL, '', NULL);
INSERT INTO product (id, is_published, title, content, page_url, page_title, page_description, page_keywords, "order", name, is_locked, id_parent, path, entity, created_at, updated_at, article, cost, image, id_surface, id_pattern, id_country, is_action, is_new, is_hit, width, height, depth, image_preview, id_collection) VALUES (85, true, 'Пристыковка плит', '<p>Пристыковка плит керамогранита разного цвета - это модная ныне тенденция в дизайне при напольной укладке природного или искуственного камня. Плавные линии в виде синусоид, гипербол или парабол, которые образуются при соприкосновении контрастных по цвету плит, стабильно производят эффект дороговизны отделки и сложности выполненых работ. Не говоря уже о том, что это действительно красиво. Волнообразная резка керамогранита осуществляется с помощью технологии гидроабразивной резки согласно дизайнерского проекта, который в электронном виде становится программой для станков с ЧПУ. Компания Рекада готова предоставить услуги по полному решению данной задачи - от дизайна до доставки уже готовых изделий, а также укладки керамогранита, гранита или мрамора.</p>
', 'pristykovka', 'Пристыковка керамогранита и плитки', '', '', 50, 'pristykovka-plit-keramogranita', false, 80, '1.29.80.85', 'product', '2013-07-29 16:00:52', '2013-07-29 16:00:52', 'strez', 600.00, '8.png', NULL, NULL, NULL, false, false, false, NULL, NULL, NULL, NULL, NULL);
INSERT INTO product (id, is_published, title, content, page_url, page_title, page_description, page_keywords, "order", name, is_locked, id_parent, path, entity, created_at, updated_at, article, cost, image, id_surface, id_pattern, id_country, is_action, is_new, is_hit, width, height, depth, image_preview, id_collection) VALUES (99, true, 'Bolero 40*40', '', 'bolero-4040', 'Bolero 40*40', '', '', 60, 'bolero-6060', false, 32, '1.13.32.99', 'product', '2013-08-15 16:52:12', '2013-08-15 16:52:12', 'BL', 650.00, 'estima bolero foto.jpg', 2, 5, 1, false, true, false, 40.0, 40.0, 8.0, '', NULL);
INSERT INTO product (id, is_published, title, content, page_url, page_title, page_description, page_keywords, "order", name, is_locked, id_parent, path, entity, created_at, updated_at, article, cost, image, id_surface, id_pattern, id_country, is_action, is_new, is_hit, width, height, depth, image_preview, id_collection) VALUES (110, true, 'Сквозные круглые отверстия', '<p>Сквозные круглые отверстия в&nbsp;керамогранитной плитке (в т.ч. в столешницах, стеновых плитах и др.)&nbsp;- регулярная работа для компаний, которые специализируются в резке природного или искусственного камня. Обычно отверстия необходимы, чтобы установить сантехническое, электро- оборудование или специальные лючки для проникновение за облицовку. При этом ставится задача сохранить целостность плиты из эстетических соображений. В случае использования гидроабразивной резки - не имеет значение какова форма отверстия и даже толщина материала, это вполне реализуемо.</p>
', 'skvoznye-kruglye-otverstiya', 'Сквозные круглые отверстия', '', '', 700, 'skvoznye-kruglye-otverstiya', false, 80, '1.29.80.110', 'product', '2013-08-19 15:29:39', '2013-08-19 15:29:39', 'rezkrug', 150.00, '', NULL, NULL, NULL, false, false, false, NULL, NULL, NULL, '', NULL);
INSERT INTO product (id, is_published, title, content, page_url, page_title, page_description, page_keywords, "order", name, is_locked, id_parent, path, entity, created_at, updated_at, article, cost, image, id_surface, id_pattern, id_country, is_action, is_new, is_hit, width, height, depth, image_preview, id_collection) VALUES (124, true, 'Гавань 42*42', '<p>Керамогранит Гавань - керамогранит с глазурованной поверхностью. Тема рисунка - обработанный камень.&nbsp;Поскольку этот матовый керамогранит изготавливается&nbsp;в формате 420*420, он неплохо подходит для отделки частных интерьеров, ресторанов и других помещений с небольшими пространствами.</p>
', 'gavan-4242', 'Гавань 42*42', '', '', 200, 'gavan-4242', false, 34, '1.13.34.124', 'product', '2013-08-20 14:55:56', '2013-08-20 14:55:56', 'SG107', 1.00, '', 2, 4, 1, false, false, false, 42.0, 42.0, 9.0, '', NULL);
INSERT INTO product (id, is_published, title, content, page_url, page_title, page_description, page_keywords, "order", name, is_locked, id_parent, path, entity, created_at, updated_at, article, cost, image, id_surface, id_pattern, id_country, is_action, is_new, is_hit, width, height, depth, image_preview, id_collection) VALUES (97, true, 'Bolero 60*60', '', 'bolero-6060', 'Bolero 60*60', '', '', 20, 'bolero-6060', false, 32, '1.13.32.97', 'product', '2013-08-15 15:37:30', '2013-08-15 15:37:30', 'BL', 830.00, 'estima bolero foto.jpg', 2, 5, 1, false, true, false, 60.0, 60.0, 10.0, '', NULL);
INSERT INTO product (id, is_published, title, content, page_url, page_title, page_description, page_keywords, "order", name, is_locked, id_parent, path, entity, created_at, updated_at, article, cost, image, id_surface, id_pattern, id_country, is_action, is_new, is_hit, width, height, depth, image_preview, id_collection) VALUES (113, true, 'Снятие фаски', '', 'snyatie-faski', 'Снятие фаски', '', '', 1000, 'snyatie-faski', false, 80, '1.29.80.113', 'product', '2013-08-19 15:51:46', '2013-08-19 15:51:46', 'rezfaska', 300.00, '', NULL, NULL, NULL, false, false, false, NULL, NULL, NULL, '', NULL);
INSERT INTO product (id, is_published, title, content, page_url, page_title, page_description, page_keywords, "order", name, is_locked, id_parent, path, entity, created_at, updated_at, article, cost, image, id_surface, id_pattern, id_country, is_action, is_new, is_hit, width, height, depth, image_preview, id_collection) VALUES (102, true, 'Hard 40*40', '', 'hard-4040', 'Hard 40*40', '', '', 90, 'hard-4040', false, 32, '1.13.32.102', 'product', '2013-08-16 17:15:45', '2013-08-16 17:15:45', 'HD', 740.00, 'estima-HARD_foto.jpg', 3, 4, 1, false, true, false, 40.0, 40.0, 9.0, '', 7);


--
-- Data for Name: product_color; Type: TABLE DATA; Schema: public; Owner: -
--

INSERT INTO product_color (id, title, image, id_color, id_product, content, id_surface, cost, is_published, created_at, updated_at, image_preview) VALUES (18, 'TR 05', 'TR-05_pol.jpg', 3, 37, '', 2, 985.00, true, '2013-07-02 12:42:28', '2013-07-02 12:42:28', 'estima-TR-05_pol-prev.jpg');
INSERT INTO product_color (id, title, image, id_color, id_product, content, id_surface, cost, is_published, created_at, updated_at, image_preview) VALUES (6, 'SN 03', 'SN03.jpg', 3, 36, '', 3, 495.00, true, '2013-07-01 14:58:39', '2013-07-01 14:58:39', 'estima-SN03-prev.jpg');
INSERT INTO product_color (id, title, image, id_color, id_product, content, id_surface, cost, is_published, created_at, updated_at, image_preview) VALUES (8, 'SN 08', 'SN08.jpg', 5, 36, '', 3, 635.00, true, '2013-07-01 15:04:53', '2013-07-01 15:04:53', 'estima-SN08-prev.jpg');
INSERT INTO product_color (id, title, image, id_color, id_product, content, id_surface, cost, is_published, created_at, updated_at, image_preview) VALUES (56, 'TR 01', 'TR-01.jpg', 1, 38, '', 2, 750.00, true, '2013-07-31 16:09:30', '2013-07-31 16:09:30', 'estima-TR-01-prev.jpg');
INSERT INTO product_color (id, title, image, id_color, id_product, content, id_surface, cost, is_published, created_at, updated_at, image_preview) VALUES (61, 'TR 06', 'TR-06.jpg', 3, 38, '', 2, 1130.00, true, '2013-07-31 16:19:17', '2013-07-31 16:19:17', 'estima-TR-06-prev.jpg');
INSERT INTO product_color (id, title, image, id_color, id_product, content, id_surface, cost, is_published, created_at, updated_at, image_preview) VALUES (23, 'Светлый', 'white.jpg', 1, 50, '', 2, 950.00, true, '2013-07-04 13:59:56', '2013-07-04 13:59:56', NULL);
INSERT INTO product_color (id, title, image, id_color, id_product, content, id_surface, cost, is_published, created_at, updated_at, image_preview) VALUES (24, 'Бежевый', 'bej.jpg', 2, 50, '', 2, 1340.00, true, '2013-07-04 14:00:25', '2013-07-04 14:00:25', NULL);
INSERT INTO product_color (id, title, image, id_color, id_product, content, id_surface, cost, is_published, created_at, updated_at, image_preview) VALUES (25, 'Кирпичный', 'brick.jpg', 3, 50, '', 2, 1500.00, true, '2013-07-04 14:00:54', '2013-07-04 14:00:54', NULL);
INSERT INTO product_color (id, title, image, id_color, id_product, content, id_surface, cost, is_published, created_at, updated_at, image_preview) VALUES (26, 'SG605902R Светлый', 'white (1).jpg', 2, 51, '', 4, 1700.00, true, '2013-07-04 14:16:31', '2013-07-04 14:16:31', NULL);
INSERT INTO product_color (id, title, image, id_color, id_product, content, id_surface, cost, is_published, created_at, updated_at, image_preview) VALUES (27, 'SG606002R Серый', 'grey.jpg', 4, 51, '', 4, 1900.00, true, '2013-07-04 14:17:06', '2013-07-04 14:17:06', NULL);
INSERT INTO product_color (id, title, image, id_color, id_product, content, id_surface, cost, is_published, created_at, updated_at, image_preview) VALUES (82, 'AN 01', 'an01p.jpg', 2, 91, '', 3, 537.00, true, '2013-08-15 14:36:10', '2013-08-15 14:36:10', 'estima-an01p-prev.jpg');
INSERT INTO product_color (id, title, image, id_color, id_product, content, id_surface, cost, is_published, created_at, updated_at, image_preview) VALUES (37, 'DR 03', 'dr03.jpg', 7, 64, '', 1, 1055.00, true, '2013-07-23 13:55:33', '2013-07-23 13:55:33', 'estima-dr03-prev.jpg');
INSERT INTO product_color (id, title, image, id_color, id_product, content, id_surface, cost, is_published, created_at, updated_at, image_preview) VALUES (44, 'SP901800N', 'e57ef48aed9e8a585f3c4641a6928c78.jpg', 1, 70, '', 2, 270.00, true, '2013-07-23 14:21:06', '2013-07-23 14:21:06', NULL);
INSERT INTO product_color (id, title, image, id_color, id_product, content, id_surface, cost, is_published, created_at, updated_at, image_preview) VALUES (45, 'SP901900N', '6cf68e302beb6faf92de16fb04535372.jpg', 5, 70, '', 2, 400.00, true, '2013-07-23 14:22:12', '2013-07-23 14:22:12', NULL);
INSERT INTO product_color (id, title, image, id_color, id_product, content, id_surface, cost, is_published, created_at, updated_at, image_preview) VALUES (46, 'SP902000N', '26068481cbf2022198e42508e001ad5a (1).jpg', 6, 70, '', 2, 480.00, true, '2013-07-23 14:23:01', '2013-07-23 14:23:01', NULL);
INSERT INTO product_color (id, title, image, id_color, id_product, content, id_surface, cost, is_published, created_at, updated_at, image_preview) VALUES (47, 'SP902300N', 'a81f2696f2c0b8bcc14ef689a0c1bfd7.jpg', 2, 70, '', 2, 400.00, true, '2013-07-23 14:27:13', '2013-07-23 14:27:13', NULL);
INSERT INTO product_color (id, title, image, id_color, id_product, content, id_surface, cost, is_published, created_at, updated_at, image_preview) VALUES (48, 'TU904100N', 'c0a710474f8d23c5e65712459cf0f674.jpg', 2, 71, '', 3, 550.00, true, '2013-07-23 14:44:21', '2013-07-23 14:44:21', NULL);
INSERT INTO product_color (id, title, image, id_color, id_product, content, id_surface, cost, is_published, created_at, updated_at, image_preview) VALUES (49, 'TU904300N', '718953cebcf27128b6a155a0a4f37002 (1).jpg', 5, 71, '', 3, 550.00, true, '2013-07-23 14:45:05', '2013-07-23 14:45:05', NULL);
INSERT INTO product_color (id, title, image, id_color, id_product, content, id_surface, cost, is_published, created_at, updated_at, image_preview) VALUES (50, 'TU904200N', 'c2da01f1b2abaf5c2effc464b3edde2d.jpg', 4, 71, '', 3, 605.00, true, '2013-07-23 14:46:09', '2013-07-23 14:46:09', NULL);
INSERT INTO product_color (id, title, image, id_color, id_product, content, id_surface, cost, is_published, created_at, updated_at, image_preview) VALUES (83, 'AN 02', 'an02p.jpg', 2, 91, '', 3, 579.00, true, '2013-08-15 14:39:21', '2013-08-15 14:39:21', 'estima-an02p-prev.jpg');
INSERT INTO product_color (id, title, image, id_color, id_product, content, id_surface, cost, is_published, created_at, updated_at, image_preview) VALUES (62, 'TR 07', 'TR-07.jpg', 4, 38, '', 2, 665.00, true, '2013-07-31 16:19:54', '2013-07-31 16:19:54', 'estima-TR-07-prev.jpg');
INSERT INTO product_color (id, title, image, id_color, id_product, content, id_surface, cost, is_published, created_at, updated_at, image_preview) VALUES (19, 'TR 06', 'TR-06.jpg', 3, 37, '', 2, 935.00, true, '2013-07-02 12:42:53', '2013-07-02 12:42:53', 'estima-TR-06-prev.jpg');
INSERT INTO product_color (id, title, image, id_color, id_product, content, id_surface, cost, is_published, created_at, updated_at, image_preview) VALUES (76, 'ST 04', 'st04.jpg', 2, 35, '', 2, 480.00, true, '2013-08-14 16:07:04', '2013-08-14 16:07:04', 'estima-st04-prev.jpg');
INSERT INTO product_color (id, title, image, id_color, id_product, content, id_surface, cost, is_published, created_at, updated_at, image_preview) VALUES (73, 'ST 02', 'st02.jpg', 2, 96, '', 2, 430.00, true, '2013-08-14 15:00:18', '2013-08-14 15:00:18', 'estima-st02-prev.jpg');
INSERT INTO product_color (id, title, image, id_color, id_product, content, id_surface, cost, is_published, created_at, updated_at, image_preview) VALUES (74, 'ST 02', 'st02.jpg', 2, 35, '', 2, 430.00, true, '2013-08-14 16:05:24', '2013-08-14 16:05:24', 'estima-st02-prev.jpg');
INSERT INTO product_color (id, title, image, id_color, id_product, content, id_surface, cost, is_published, created_at, updated_at, image_preview) VALUES (77, 'ST 05', 'st05.jpg', 4, 35, '', 2, 430.00, true, '2013-08-14 16:08:25', '2013-08-14 16:08:25', 'estima-st05-prev.jpg');
INSERT INTO product_color (id, title, image, id_color, id_product, content, id_surface, cost, is_published, created_at, updated_at, image_preview) VALUES (75, 'ST 03', 'st03.jpg', 4, 35, '', 2, 430.00, true, '2013-08-14 16:06:29', '2013-08-14 16:06:29', 'estima-st03-prev.jpg');
INSERT INTO product_color (id, title, image, id_color, id_product, content, id_surface, cost, is_published, created_at, updated_at, image_preview) VALUES (78, 'ST 06', 'st06.jpg', 7, 35, '', 2, 480.00, true, '2013-08-14 16:09:27', '2013-08-14 16:09:27', 'estima-st06-prev.jpg');
INSERT INTO product_color (id, title, image, id_color, id_product, content, id_surface, cost, is_published, created_at, updated_at, image_preview) VALUES (79, 'ST 07', 'st07.jpg', 2, 35, '', 2, 430.00, true, '2013-08-14 16:10:27', '2013-08-14 16:10:27', 'estima-st07-prev.jpg');
INSERT INTO product_color (id, title, image, id_color, id_product, content, id_surface, cost, is_published, created_at, updated_at, image_preview) VALUES (80, 'ST 08', 'st08.jpg', 3, 35, '', 2, 480.00, true, '2013-08-14 16:14:25', '2013-08-14 16:14:25', 'estima-st08-prev.jpg');
INSERT INTO product_color (id, title, image, id_color, id_product, content, id_surface, cost, is_published, created_at, updated_at, image_preview) VALUES (81, 'ST 09', 'st09.jpg', 6, 35, '', 2, 530.00, true, '2013-08-14 16:15:08', '2013-08-14 16:15:08', 'estima-st09-prev.jpg');
INSERT INTO product_color (id, title, image, id_color, id_product, content, id_surface, cost, is_published, created_at, updated_at, image_preview) VALUES (39, 'DR 06', 'dr06.jpg', 3, 64, '', 1, 1180.00, true, '2013-07-23 13:57:27', '2013-07-23 13:57:27', 'estima-dr06-prev.jpg');
INSERT INTO product_color (id, title, image, id_color, id_product, content, id_surface, cost, is_published, created_at, updated_at, image_preview) VALUES (38, 'DR 05', 'dr05.jpg', 3, 64, '', 1, 1180.00, true, '2013-07-23 13:56:56', '2013-07-23 13:56:56', 'estima-dr05-prev.jpg');
INSERT INTO product_color (id, title, image, id_color, id_product, content, id_surface, cost, is_published, created_at, updated_at, image_preview) VALUES (35, 'DR 01', 'dr01.jpg', 1, 64, '', 1, 970.00, true, '2013-07-23 13:54:42', '2013-07-23 13:54:42', 'estima-dr01-prev.jpg');
INSERT INTO product_color (id, title, image, id_color, id_product, content, id_surface, cost, is_published, created_at, updated_at, image_preview) VALUES (36, 'DR 02', 'dr02.jpg', 2, 64, '', 1, 985.00, true, '2013-07-23 13:55:07', '2013-07-23 13:55:07', 'estima-dr02-prev.jpg');
INSERT INTO product_color (id, title, image, id_color, id_product, content, id_surface, cost, is_published, created_at, updated_at, image_preview) VALUES (57, 'TR 02', 'TR-02.jpg', 2, 38, '', 2, 725.00, true, '2013-07-31 16:10:51', '2013-07-31 16:10:51', 'estima-TR-02-prev.jpg');
INSERT INTO product_color (id, title, image, id_color, id_product, content, id_surface, cost, is_published, created_at, updated_at, image_preview) VALUES (58, 'TR 03', 'TR-03.jpg', 4, 38, '', 2, 750.00, true, '2013-07-31 16:11:33', '2013-07-31 16:11:33', 'estima-TR-03-prev.jpg');
INSERT INTO product_color (id, title, image, id_color, id_product, content, id_surface, cost, is_published, created_at, updated_at, image_preview) VALUES (59, 'TR 04', 'TR-04.jpg', 6, 38, '', 2, 1130.00, true, '2013-07-31 16:14:51', '2013-07-31 16:14:51', 'estima-TR-04-prev.jpg');
INSERT INTO product_color (id, title, image, id_color, id_product, content, id_surface, cost, is_published, created_at, updated_at, image_preview) VALUES (60, 'TR 05', 'TR-05_pol.jpg', 3, 38, '', 2, 1020.00, true, '2013-07-31 16:15:49', '2013-07-31 16:15:49', 'estima-TR-05_pol-prev.jpg');
INSERT INTO product_color (id, title, image, id_color, id_product, content, id_surface, cost, is_published, created_at, updated_at, image_preview) VALUES (84, 'AN 03', 'an03p.jpg', 3, 91, '', 3, 663.00, true, '2013-08-15 14:45:44', '2013-08-15 14:45:44', 'estima-an03p-prev.jpg');
INSERT INTO product_color (id, title, image, id_color, id_product, content, id_surface, cost, is_published, created_at, updated_at, image_preview) VALUES (85, 'AN 04', 'an04p.jpg', 2, 91, '', 3, 537.00, true, '2013-08-15 14:49:17', '2013-08-15 14:49:17', 'estima-an04p-prev.jpg');
INSERT INTO product_color (id, title, image, id_color, id_product, content, id_surface, cost, is_published, created_at, updated_at, image_preview) VALUES (86, 'AN 05', 'An05p.jpg', 5, 91, '', 3, 579.00, true, '2013-08-15 14:56:10', '2013-08-15 14:56:10', 'estima-An05p-prev.jpg');
INSERT INTO product_color (id, title, image, id_color, id_product, content, id_surface, cost, is_published, created_at, updated_at, image_preview) VALUES (87, 'BL 01', 'BL01.jpg', 2, 97, '', 2, 830.00, true, '2013-08-15 15:38:09', '2013-08-15 15:38:09', 'estima-BL01-prev.jpg');
INSERT INTO product_color (id, title, image, id_color, id_product, content, id_surface, cost, is_published, created_at, updated_at, image_preview) VALUES (88, 'BL 03', 'BL03.jpg', 4, 97, '', 2, 830.00, true, '2013-08-15 15:38:59', '2013-08-15 15:38:59', 'estima-BL03-prev.jpg');
INSERT INTO product_color (id, title, image, id_color, id_product, content, id_surface, cost, is_published, created_at, updated_at, image_preview) VALUES (89, 'BL 04', 'BL04.jpg', 2, 97, '', 2, 830.00, true, '2013-08-15 15:39:36', '2013-08-15 15:39:36', 'estima-BL04-prev.jpg');
INSERT INTO product_color (id, title, image, id_color, id_product, content, id_surface, cost, is_published, created_at, updated_at, image_preview) VALUES (10, 'Tr 02', 'TR-02.jpg', 2, 37, '', 2, 725.00, true, '2013-07-01 15:21:39', '2013-07-01 15:21:39', 'estima-TR-02-prev.jpg');
INSERT INTO product_color (id, title, image, id_color, id_product, content, id_surface, cost, is_published, created_at, updated_at, image_preview) VALUES (16, 'TR 03', 'TR-03.jpg', 4, 37, '', 2, 725.00, true, '2013-07-02 12:41:26', '2013-07-02 12:41:26', 'estima-TR-03-prev.jpg');
INSERT INTO product_color (id, title, image, id_color, id_product, content, id_surface, cost, is_published, created_at, updated_at, image_preview) VALUES (20, 'TR 07', 'TR-07.jpg', 4, 37, '', 2, 840.00, true, '2013-07-02 12:43:22', '2013-07-02 12:43:22', 'estima-TR-07-prev.jpg');
INSERT INTO product_color (id, title, image, id_color, id_product, content, id_surface, cost, is_published, created_at, updated_at, image_preview) VALUES (5, 'SN 02', 'SN02.jpg', 2, 36, '', 3, 505.00, true, '2013-07-01 14:57:09', '2013-07-01 14:57:09', 'estima-SN02-prev.jpg');
INSERT INTO product_color (id, title, image, id_color, id_product, content, id_surface, cost, is_published, created_at, updated_at, image_preview) VALUES (3, 'St 01', 'st01.jpg', 2, 35, '', 2, 600.00, true, '2013-07-01 14:43:26', '2013-07-01 14:43:26', 'estima-st01-prev.jpg');
INSERT INTO product_color (id, title, image, id_color, id_product, content, id_surface, cost, is_published, created_at, updated_at, image_preview) VALUES (72, 'ST 01', 'st01.jpg', 2, 96, '', 2, 430.00, true, '2013-08-14 14:54:21', '2013-08-14 14:54:21', 'estima-st01-prev.jpg');
INSERT INTO product_color (id, title, image, id_color, id_product, content, id_surface, cost, is_published, created_at, updated_at, image_preview) VALUES (90, 'BL 05', 'BL05.jpg', 4, 97, '', 2, 845.00, true, '2013-08-15 15:40:14', '2013-08-15 15:40:14', 'estima-BL05-prev.jpg');
INSERT INTO product_color (id, title, image, id_color, id_product, content, id_surface, cost, is_published, created_at, updated_at, image_preview) VALUES (55, 'TR 01', 'TR-01.jpg', 1, 37, '', 2, 725.00, true, '2013-07-31 16:09:07', '2013-07-31 16:09:07', 'estima-TR-01-prev.jpg');
INSERT INTO product_color (id, title, image, id_color, id_product, content, id_surface, cost, is_published, created_at, updated_at, image_preview) VALUES (17, 'TR 04', 'TR-04.jpg', 6, 37, '', 2, 1005.00, true, '2013-07-02 12:42:00', '2013-07-02 12:42:00', 'estima-TR-04-prev.jpg');
INSERT INTO product_color (id, title, image, id_color, id_product, content, id_surface, cost, is_published, created_at, updated_at, image_preview) VALUES (7, 'SN 04', 'SN04.jpg', 3, 36, '', 3, 650.00, true, '2013-07-01 15:01:05', '2013-07-01 15:01:05', 'estima-SN04-prev.jpg');
INSERT INTO product_color (id, title, image, id_color, id_product, content, id_surface, cost, is_published, created_at, updated_at, image_preview) VALUES (92, 'SN 01', 'SN01.jpg', 1, 36, '', 3, 440.00, true, '2013-08-15 16:12:23', '2013-08-15 16:12:23', 'estima-SN01-prev.jpg');
INSERT INTO product_color (id, title, image, id_color, id_product, content, id_surface, cost, is_published, created_at, updated_at, image_preview) VALUES (103, 'ST 03', 'st03.jpg', 2, 96, '', 2, 430.00, true, '2013-08-16 13:24:56', '2013-08-16 13:24:56', 'estima-st03-prev.jpg');
INSERT INTO product_color (id, title, image, id_color, id_product, content, id_surface, cost, is_published, created_at, updated_at, image_preview) VALUES (104, 'ST 04', 'st04.jpg', 2, 96, '', 2, 480.00, true, '2013-08-16 13:25:27', '2013-08-16 13:25:27', 'estima-st04-prev.jpg');
INSERT INTO product_color (id, title, image, id_color, id_product, content, id_surface, cost, is_published, created_at, updated_at, image_preview) VALUES (105, 'ST 05', 'st05.jpg', 7, 96, '', 2, 430.00, true, '2013-08-16 13:27:07', '2013-08-16 13:27:07', 'estima-st05-prev.jpg');
INSERT INTO product_color (id, title, image, id_color, id_product, content, id_surface, cost, is_published, created_at, updated_at, image_preview) VALUES (106, 'ST 06', 'st06.jpg', 7, 96, '', 2, 480.00, true, '2013-08-16 13:27:41', '2013-08-16 13:27:41', 'estima-st06-prev.jpg');
INSERT INTO product_color (id, title, image, id_color, id_product, content, id_surface, cost, is_published, created_at, updated_at, image_preview) VALUES (107, 'ST 07', 'st07.jpg', 2, 96, '', 2, 430.00, true, '2013-08-16 13:28:19', '2013-08-16 13:28:19', 'estima-st07-prev.jpg');
INSERT INTO product_color (id, title, image, id_color, id_product, content, id_surface, cost, is_published, created_at, updated_at, image_preview) VALUES (108, 'ST 08', 'st08.jpg', 3, 96, '', 2, 480.00, true, '2013-08-16 13:28:53', '2013-08-16 13:28:53', 'estima-st08-prev.jpg');
INSERT INTO product_color (id, title, image, id_color, id_product, content, id_surface, cost, is_published, created_at, updated_at, image_preview) VALUES (109, 'ST 09', 'st09.jpg', 6, 96, '', 2, 530.00, true, '2013-08-16 13:29:30', '2013-08-16 13:29:30', 'estima-st09-prev.jpg');
INSERT INTO product_color (id, title, image, id_color, id_product, content, id_surface, cost, is_published, created_at, updated_at, image_preview) VALUES (110, 'ST 10', 'st10.jpg', 3, 96, '', 2, 480.00, true, '2013-08-16 13:34:06', '2013-08-16 13:34:06', 'estima-st10-prev.jpg');
INSERT INTO product_color (id, title, image, id_color, id_product, content, id_surface, cost, is_published, created_at, updated_at, image_preview) VALUES (111, 'ST 11', 'st11.jpg', 4, 96, '', 2, 355.00, true, '2013-08-16 13:34:52', '2013-08-16 13:34:52', 'estima-st11-prev.jpg');
INSERT INTO product_color (id, title, image, id_color, id_product, content, id_surface, cost, is_published, created_at, updated_at, image_preview) VALUES (112, 'ST 15', 'st15.jpg', 2, 96, '', 2, 460.00, true, '2013-08-16 13:35:31', '2013-08-16 13:35:31', 'estima-st15-prev.jpg');
INSERT INTO product_color (id, title, image, id_color, id_product, content, id_surface, cost, is_published, created_at, updated_at, image_preview) VALUES (113, 'ST 10', 'st10.jpg', 5, 35, '', 2, 840.00, true, '2013-08-16 16:57:04', '2013-08-16 16:57:04', 'estima-st10-prev.jpg');
INSERT INTO product_color (id, title, image, id_color, id_product, content, id_surface, cost, is_published, created_at, updated_at, image_preview) VALUES (114, 'ST 15', 'st15.jpg', 2, 35, '', 2, 735.00, true, '2013-08-16 16:58:21', '2013-08-16 16:58:21', 'estima-st15-prev.jpg');
INSERT INTO product_color (id, title, image, id_color, id_product, content, id_surface, cost, is_published, created_at, updated_at, image_preview) VALUES (134, 'MR 01 полированый', 'MR-01.jpg', 1, 146, '', 1, 815.00, true, '2013-08-28 14:15:52', '2013-08-28 14:15:52', 'estima-MR-01-prev.jpg');
INSERT INTO product_color (id, title, image, id_color, id_product, content, id_surface, cost, is_published, created_at, updated_at, image_preview) VALUES (135, 'MR 02 полированный', 'MR-02.jpg', 2, 146, '', 1, 835.00, true, '2013-08-28 14:17:16', '2013-08-28 14:17:16', 'estima-MR-02-prev.jpg');
INSERT INTO product_color (id, title, image, id_color, id_product, content, id_surface, cost, is_published, created_at, updated_at, image_preview) VALUES (118, 'HD 03', 'HD-03.jpg', 4, 102, '', 3, 775.00, true, '2013-08-16 17:18:49', '2013-08-16 17:18:49', 'estima-HARD_small_5-prev.jpg');
INSERT INTO product_color (id, title, image, id_color, id_product, content, id_surface, cost, is_published, created_at, updated_at, image_preview) VALUES (117, 'HD 02', 'HD-02.jpg', 4, 102, '', 3, 640.00, true, '2013-08-16 17:18:15', '2013-08-16 17:18:15', 'estima-HARD_small_3-prev.jpg');
INSERT INTO product_color (id, title, image, id_color, id_product, content, id_surface, cost, is_published, created_at, updated_at, image_preview) VALUES (119, 'HD 04', 'HD-04.jpg', 5, 102, '', 3, 870.00, true, '2013-08-16 17:20:51', '2013-08-16 17:20:51', 'estima-HARD_small_7-prev.jpg');
INSERT INTO product_color (id, title, image, id_color, id_product, content, id_surface, cost, is_published, created_at, updated_at, image_preview) VALUES (116, 'HD 01', 'HD-01.jpg', 1, 102, '', 3, 740.00, true, '2013-08-16 17:16:31', '2013-08-16 17:16:31', 'estima-HARD_small_1-prev.jpg');
INSERT INTO product_color (id, title, image, id_color, id_product, content, id_surface, cost, is_published, created_at, updated_at, image_preview) VALUES (120, 'BL 01', 'BL01.jpg', 2, 99, '', 2, 650.00, true, '2013-08-16 17:23:05', '2013-08-16 17:23:05', 'estima-BL01-prev.jpg');
INSERT INTO product_color (id, title, image, id_color, id_product, content, id_surface, cost, is_published, created_at, updated_at, image_preview) VALUES (121, 'BL 03', 'BL03.jpg', 2, 99, '', 2, 650.00, true, '2013-08-16 17:23:32', '2013-08-16 17:23:32', 'estima-BL03-prev.jpg');
INSERT INTO product_color (id, title, image, id_color, id_product, content, id_surface, cost, is_published, created_at, updated_at, image_preview) VALUES (122, 'BL 04', 'BL04.jpg', 2, 99, '', 2, 650.00, true, '2013-08-16 17:24:49', '2013-08-16 17:24:49', 'estima-BL04-prev.jpg');
INSERT INTO product_color (id, title, image, id_color, id_product, content, id_surface, cost, is_published, created_at, updated_at, image_preview) VALUES (123, 'BL 05', 'BL05.jpg', 3, 99, '', 2, 680.00, true, '2013-08-16 17:26:10', '2013-08-16 17:26:10', 'estima-BL05-prev.jpg');
INSERT INTO product_color (id, title, image, id_color, id_product, content, id_surface, cost, is_published, created_at, updated_at, image_preview) VALUES (115, 'ST 17', 'st117.jpg', 2, 35, '<p>hkfkhgkl</p>
', 2, 509.00, true, '2013-08-16 16:58:54', '2013-08-16 16:58:54', 'estima-st117-prev.jpg');
INSERT INTO product_color (id, title, image, id_color, id_product, content, id_surface, cost, is_published, created_at, updated_at, image_preview) VALUES (125, 'MR 02', 'MR-02.jpg', 2, 145, '', 2, 690.00, true, '2013-08-28 13:00:09', '2013-08-28 13:00:09', 'estima-MR-02-prev.jpg');
INSERT INTO product_color (id, title, image, id_color, id_product, content, id_surface, cost, is_published, created_at, updated_at, image_preview) VALUES (124, 'MR 01', 'MR-01.jpg', 1, 145, '', 2, 665.00, true, '2013-08-28 12:55:19', '2013-08-28 12:55:19', 'estima-MR-01-prev.jpg');
INSERT INTO product_color (id, title, image, id_color, id_product, content, id_surface, cost, is_published, created_at, updated_at, image_preview) VALUES (126, 'MR 03', 'MR-03.jpg', 7, 145, '', 2, 1005.00, true, '2013-08-28 13:13:30', '2013-08-28 13:13:30', 'estima-MR-03-prev.jpg');
INSERT INTO product_color (id, title, image, id_color, id_product, content, id_surface, cost, is_published, created_at, updated_at, image_preview) VALUES (127, 'MR 04', 'MR-04_pol.jpg', 3, 145, '', 2, 1005.00, true, '2013-08-28 13:18:25', '2013-08-28 13:18:25', 'estima-MR-04_pol-prev.jpg');
INSERT INTO product_color (id, title, image, id_color, id_product, content, id_surface, cost, is_published, created_at, updated_at, image_preview) VALUES (128, 'MR 05', 'MR-05.jpg', 5, 145, '', 2, 875.00, true, '2013-08-28 13:18:25', '2013-08-28 13:18:25', 'estima-MR-05-prev.jpg');
INSERT INTO product_color (id, title, image, id_color, id_product, content, id_surface, cost, is_published, created_at, updated_at, image_preview) VALUES (129, 'MR 01 полированный', 'MR-01.jpg', 1, 145, '', 1, 850.00, true, '2013-08-28 14:05:29', '2013-08-28 14:05:29', 'estima-MR-01-prev.jpg');
INSERT INTO product_color (id, title, image, id_color, id_product, content, id_surface, cost, is_published, created_at, updated_at, image_preview) VALUES (130, 'MR 02 полированный', 'MR-02.jpg', 2, 145, '', 1, 875.00, true, '2013-08-28 14:06:45', '2013-08-28 14:06:45', 'estima-MR-02-prev.jpg');
INSERT INTO product_color (id, title, image, id_color, id_product, content, id_surface, cost, is_published, created_at, updated_at, image_preview) VALUES (131, 'MR 03 полированный', 'MR-03.jpg', 7, 145, '', 1, 1150.00, true, '2013-08-28 14:07:19', '2013-08-28 14:07:19', 'estima-MR-03-prev.jpg');
INSERT INTO product_color (id, title, image, id_color, id_product, content, id_surface, cost, is_published, created_at, updated_at, image_preview) VALUES (132, 'MR 04 полированный', 'MR-04_pol.jpg', 3, 145, '', 1, 1170.00, true, '2013-08-28 14:08:15', '2013-08-28 14:08:15', 'estima-MR-04_pol-prev.jpg');
INSERT INTO product_color (id, title, image, id_color, id_product, content, id_surface, cost, is_published, created_at, updated_at, image_preview) VALUES (133, 'MR 05 полированный', 'MR-05.jpg', 5, 145, '', 1, 1235.00, true, '2013-08-28 14:09:12', '2013-08-28 14:09:12', 'estima-MR-05-prev.jpg');
INSERT INTO product_color (id, title, image, id_color, id_product, content, id_surface, cost, is_published, created_at, updated_at, image_preview) VALUES (137, 'MR 04 полированный', 'MR-04_pol.jpg', 3, 146, '', 1, 1180.00, true, '2013-08-28 14:18:52', '2013-08-28 14:18:52', 'estima-MR-04_pol-prev.jpg');
INSERT INTO product_color (id, title, image, id_color, id_product, content, id_surface, cost, is_published, created_at, updated_at, image_preview) VALUES (136, 'MR 03 полированный', 'MR-03.jpg', 7, 146, '', 1, 1180.00, true, '2013-08-28 14:18:02', '2013-08-28 14:18:02', 'estima-MR-03-prev.jpg');
INSERT INTO product_color (id, title, image, id_color, id_product, content, id_surface, cost, is_published, created_at, updated_at, image_preview) VALUES (138, 'MR 05 полированный', 'MR-05.jpg', 5, 146, '', 1, 1055.00, true, '2013-08-28 14:19:51', '2013-08-28 14:19:51', 'estima-MR-05-prev.jpg');
INSERT INTO product_color (id, title, image, id_color, id_product, content, id_surface, cost, is_published, created_at, updated_at, image_preview) VALUES (139, 'Mr 01', 'MR-01.jpg', 1, 146, '', 2, 680.00, true, '2013-08-28 14:20:33', '2013-08-28 14:20:33', 'estima-MR-01-prev.jpg');
INSERT INTO product_color (id, title, image, id_color, id_product, content, id_surface, cost, is_published, created_at, updated_at, image_preview) VALUES (140, 'MR 02', 'MR-02.jpg', 2, 146, '', 2, 704.00, true, '2013-08-28 14:21:03', '2013-08-28 14:21:03', 'estima-MR-02-prev.jpg');
INSERT INTO product_color (id, title, image, id_color, id_product, content, id_surface, cost, is_published, created_at, updated_at, image_preview) VALUES (141, 'MR 03', 'MR-03.jpg', 7, 146, '', 2, 985.00, true, '2013-08-28 14:21:40', '2013-08-28 14:21:40', 'estima-MR-03-prev.jpg');
INSERT INTO product_color (id, title, image, id_color, id_product, content, id_surface, cost, is_published, created_at, updated_at, image_preview) VALUES (142, 'MR 04', 'MR-04_pol.jpg', 3, 146, '', 2, 985.00, true, '2013-08-28 14:22:19', '2013-08-28 14:22:19', 'estima-MR-04_pol-prev.jpg');
INSERT INTO product_color (id, title, image, id_color, id_product, content, id_surface, cost, is_published, created_at, updated_at, image_preview) VALUES (143, 'MR 05', 'MR-05.jpg', 5, 146, '', 2, 875.00, true, '2013-08-28 14:22:50', '2013-08-28 14:22:50', 'estima-MR-05-prev.jpg');
INSERT INTO product_color (id, title, image, id_color, id_product, content, id_surface, cost, is_published, created_at, updated_at, image_preview) VALUES (144, 'AN 01 полированный', 'an01p.jpg', 2, 91, '', 1, 850.00, true, '2013-08-28 14:54:30', '2013-08-28 14:54:30', 'estima-an01p-prev.jpg');
INSERT INTO product_color (id, title, image, id_color, id_product, content, id_surface, cost, is_published, created_at, updated_at, image_preview) VALUES (146, 'AN 02 полированный', 'an02p.jpg', 2, 91, '', 1, 775.00, true, '2013-08-28 14:56:14', '2013-08-28 14:56:14', 'estima-an02p-prev.jpg');
INSERT INTO product_color (id, title, image, id_color, id_product, content, id_surface, cost, is_published, created_at, updated_at, image_preview) VALUES (147, 'AN 04 полированный', 'an04p.jpg', 2, 91, '', 1, 775.00, true, '2013-08-28 15:01:05', '2013-08-28 15:01:05', 'estima-an04p-prev.jpg');
INSERT INTO product_color (id, title, image, id_color, id_product, content, id_surface, cost, is_published, created_at, updated_at, image_preview) VALUES (145, 'AN 03 полированный', 'an03p.jpg', 2, 91, '', 1, 840.00, true, '2013-08-28 14:55:47', '2013-08-28 14:55:47', 'estima-an03p-prev.jpg');
INSERT INTO product_color (id, title, image, id_color, id_product, content, id_surface, cost, is_published, created_at, updated_at, image_preview) VALUES (148, 'AN 05 полированный', 'An05p.jpg', 5, 91, '', 1, 800.00, true, '2013-08-28 15:01:50', '2013-08-28 15:01:50', 'estima-An05p-prev.jpg');
INSERT INTO product_color (id, title, image, id_color, id_product, content, id_surface, cost, is_published, created_at, updated_at, image_preview) VALUES (149, 'ST 101', 'st01.jpg', 4, 142, '', 2, 570.00, true, '2013-08-28 15:13:05', '2013-08-28 15:13:05', 'estima-st01-prev.jpg');
INSERT INTO product_color (id, title, image, id_color, id_product, content, id_surface, cost, is_published, created_at, updated_at, image_preview) VALUES (150, 'ST 102', 'st02.jpg', 2, 142, '', 2, 570.00, true, '2013-08-28 15:13:32', '2013-08-28 15:13:32', 'estima-st02-prev.jpg');
INSERT INTO product_color (id, title, image, id_color, id_product, content, id_surface, cost, is_published, created_at, updated_at, image_preview) VALUES (151, 'ST 117', 'st117.jpg', 2, 142, '', 2, 570.00, true, '2013-08-28 15:14:07', '2013-08-28 15:14:07', 'estima-st117-prev.jpg');
INSERT INTO product_color (id, title, image, id_color, id_product, content, id_surface, cost, is_published, created_at, updated_at, image_preview) VALUES (152, 'ST 101', 'st01.jpg', 4, 149, '', 2, 655.00, true, '2013-08-28 15:17:48', '2013-08-28 15:17:48', 'estima-st01-prev.jpg');
INSERT INTO product_color (id, title, image, id_color, id_product, content, id_surface, cost, is_published, created_at, updated_at, image_preview) VALUES (153, 'ST 102', 'st02.jpg', 2, 149, '', 2, 655.00, true, '2013-08-28 15:18:22', '2013-08-28 15:18:22', 'estima-st02-prev.jpg');
INSERT INTO product_color (id, title, image, id_color, id_product, content, id_surface, cost, is_published, created_at, updated_at, image_preview) VALUES (154, 'ST 117', 'st117.jpg', 2, 149, '', 2, 655.00, true, '2013-08-28 15:19:24', '2013-08-28 15:19:24', 'estima-st117-prev.jpg');
INSERT INTO product_color (id, title, image, id_color, id_product, content, id_surface, cost, is_published, created_at, updated_at, image_preview) VALUES (170, 'NG 03', 'NG 03.jpg', 4, 153, '', 2, 755.00, true, '2013-08-28 17:50:27', '2013-08-28 17:50:27', 'estima-NG 03-prev.jpg');


--
-- Name: product_color_id_seq; Type: SEQUENCE SET; Schema: public; Owner: -
--

SELECT pg_catalog.setval('product_color_id_seq', 170, true);


--
-- Data for Name: product_decor; Type: TABLE DATA; Schema: public; Owner: -
--

INSERT INTO product_decor (id, title, image, id_product, content, cost, is_published, created_at, updated_at, image_preview) VALUES (2, 'Профиль 1', '5df6d083e8e53f0db58acb9db7bef273.png', 77, '', 200.00, true, '2013-07-30 17:42:14', '2013-07-30 17:42:14', NULL);
INSERT INTO product_decor (id, title, image, id_product, content, cost, is_published, created_at, updated_at, image_preview) VALUES (7, 'Профиль 1', '5df6d083e8e53f0db58acb9db7bef273 (1).png', 78, '', 200.00, true, '2013-08-02 15:59:59', '2013-08-02 15:59:59', NULL);
INSERT INTO product_decor (id, title, image, id_product, content, cost, is_published, created_at, updated_at, image_preview) VALUES (8, 'Мозаика', 'DRMosaicoDR02DR05.jpg', 64, '', 500.00, true, '2013-08-15 13:55:22', '2013-08-15 13:55:22', 'estima-DRMosaicoDR02DR05-prev.jpg');
INSERT INTO product_decor (id, title, image, id_product, content, cost, is_published, created_at, updated_at, image_preview) VALUES (9, 'Бордюр', 'DRPalladioDR02DR06.jpg', 64, '', 100.00, true, '2013-08-15 13:56:11', '2013-08-15 13:56:11', 'estima-DRPalladioDR02DR06-prev.jpg');
INSERT INTO product_decor (id, title, image, id_product, content, cost, is_published, created_at, updated_at, image_preview) VALUES (10, 'Уголок', 'DR-PalladioDR02DR06.jpg', 64, '', 120.00, true, '2013-08-15 13:56:43', '2013-08-15 13:56:43', 'estima-DR-PalladioDR02DR06-prev.jpg');
INSERT INTO product_decor (id, title, image, id_product, content, cost, is_published, created_at, updated_at, image_preview) VALUES (11, 'Мозаика Квадро', 'AnMosaico.jpg', 91, '', 461.00, true, '2013-08-15 14:57:39', '2013-08-15 14:57:39', 'estima-AnMosaico-prev.jpg');
INSERT INTO product_decor (id, title, image, id_product, content, cost, is_published, created_at, updated_at, image_preview) VALUES (12, 'Мозаика Бозио', 'BOZIO.jpg', 91, '', 448.00, true, '2013-08-15 14:58:27', '2013-08-15 14:58:27', 'estima-BOZIO-prev.jpg');
INSERT INTO product_decor (id, title, image, id_product, content, cost, is_published, created_at, updated_at, image_preview) VALUES (13, 'Угол', 'AnPompeanocorner.jpg', 91, '', 376.00, true, '2013-08-15 14:59:10', '2013-08-15 14:59:10', 'estima-AnPompeanocorner-prev.jpg');
INSERT INTO product_decor (id, title, image, id_product, content, cost, is_published, created_at, updated_at, image_preview) VALUES (14, 'Бордюр', 'AnPompeano.jpg', 91, '', 508.00, true, '2013-08-15 15:00:04', '2013-08-15 15:00:04', 'estima-AnPompeano-prev.jpg');
INSERT INTO product_decor (id, title, image, id_product, content, cost, is_published, created_at, updated_at, image_preview) VALUES (15, 'Мозаика Муретто', 'MURETTO_an02.jpg', 91, '', 509.00, true, '2013-08-15 15:00:59', '2013-08-15 15:00:59', 'estima-MURETTO_an02-prev.jpg');
INSERT INTO product_decor (id, title, image, id_product, content, cost, is_published, created_at, updated_at, image_preview) VALUES (16, 'Панно Тразимено', 'PannoTrasimeno.jpg', 91, '', 4541.00, true, '2013-08-15 15:05:03', '2013-08-15 15:05:03', 'estima-PannoTrasimeno-prev.jpg');
INSERT INTO product_decor (id, title, image, id_product, content, cost, is_published, created_at, updated_at, image_preview) VALUES (17, 'Панно Венеция', 'PannoVenezia.jpg', 91, '', 5960.00, true, '2013-08-15 15:05:40', '2013-08-15 15:05:40', 'estima-PannoVenezia-prev.jpg');
INSERT INTO product_decor (id, title, image, id_product, content, cost, is_published, created_at, updated_at, image_preview) VALUES (18, 'Бордюр Реголо', 'BL01-03-REGOLO.jpg', 97, '', 1.00, true, '2013-08-15 15:44:27', '2013-08-15 15:44:27', 'estima-BL01-03-REGOLO-prev.jpg');
INSERT INTO product_decor (id, title, image, id_product, content, cost, is_published, created_at, updated_at, image_preview) VALUES (19, 'Бордюр Паньере', 'BL_PANIERE.jpg', 97, '', 1.00, true, '2013-08-15 15:48:49', '2013-08-15 15:48:49', 'estima-BL_PANIERE-prev.jpg');
INSERT INTO product_decor (id, title, image, id_product, content, cost, is_published, created_at, updated_at, image_preview) VALUES (20, 'Бордюр Борромини', 'BLBORROMINIBorder.jpg', 97, '', 1.00, true, '2013-08-15 15:49:25', '2013-08-15 15:49:25', 'estima-BLBORROMINIBorder-prev.jpg');
INSERT INTO product_decor (id, title, image, id_product, content, cost, is_published, created_at, updated_at, image_preview) VALUES (21, 'Панно Муррето', 'BL04-MURETTO.jpg', 97, '', 1.00, true, '2013-08-15 15:50:07', '2013-08-15 15:50:07', 'estima-BL04-MURETTO-prev.jpg');
INSERT INTO product_decor (id, title, image, id_product, content, cost, is_published, created_at, updated_at, image_preview) VALUES (22, 'Панно Борромини', 'BL_BORROMINI.jpg', 97, '', 1.00, true, '2013-08-15 15:50:43', '2013-08-15 15:50:43', 'estima-BL_BORROMINI-prev.jpg');
INSERT INTO product_decor (id, title, image, id_product, content, cost, is_published, created_at, updated_at, image_preview) VALUES (3, 'Мозаика', 'TRMosaico0105iv.jpg', 37, '', 1.00, true, '2013-07-31 17:25:40', '2013-07-31 17:25:40', 'estima-TRMosaico0105i-prev.jpg');
INSERT INTO product_decor (id, title, image, id_product, content, cost, is_published, created_at, updated_at, image_preview) VALUES (4, 'Бордюр Волна', 'TRWave.jpg', 37, '', 1.00, true, '2013-07-31 17:26:37', '2013-07-31 17:26:37', 'estima-TRWave-prev.jpg');
INSERT INTO product_decor (id, title, image, id_product, content, cost, is_published, created_at, updated_at, image_preview) VALUES (5, 'Уголок Волна', 'TRWavecorner.jpg', 37, '', 1.00, true, '2013-07-31 17:27:02', '2013-07-31 17:27:02', 'estima-TRWavecorner-prev.jpg');
INSERT INTO product_decor (id, title, image, id_product, content, cost, is_published, created_at, updated_at, image_preview) VALUES (6, 'Бордюр Punto', 'TRPunto.jpg', 37, '', 1.00, true, '2013-07-31 17:27:49', '2013-07-31 17:27:49', 'estima-TRPunto-prev.jpg');
INSERT INTO product_decor (id, title, image, id_product, content, cost, is_published, created_at, updated_at, image_preview) VALUES (23, 'Мозаика полосы', 'TRMosaicoTR01TR03.jpg', 37, '', 1.00, true, '2013-08-15 16:03:07', '2013-08-15 16:03:07', 'estima-TRMosaicoTR01TR03-prev.jpg');
INSERT INTO product_decor (id, title, image, id_product, content, cost, is_published, created_at, updated_at, image_preview) VALUES (24, 'Мозаика', 'SnMosaico.jpg', 36, '', 1.00, true, '2013-08-15 16:14:48', '2013-08-15 16:14:48', 'estima-SnMosaico-prev.jpg');
INSERT INTO product_decor (id, title, image, id_product, content, cost, is_published, created_at, updated_at, image_preview) VALUES (25, 'Угол', 'SnPalladiana_15x15.jpg', 36, '', 1.00, true, '2013-08-15 16:15:27', '2013-08-15 16:15:27', 'SnPalladiana_15x15.jpg');
INSERT INTO product_decor (id, title, image, id_product, content, cost, is_published, created_at, updated_at, image_preview) VALUES (26, 'Бордюр', 'SnPalladiana.jpg', 36, '', 1.00, true, '2013-08-15 16:15:50', '2013-08-15 16:15:50', 'SnPalladiana.jpg');
INSERT INTO product_decor (id, title, image, id_product, content, cost, is_published, created_at, updated_at, image_preview) VALUES (32, 'Уголок Монтего', 'MRMantegnaCorner.jpg', 145, '', NULL, true, '2013-08-28 13:38:39', '2013-08-28 13:38:39', 'MRMantegnaCorner.jpg');
INSERT INTO product_decor (id, title, image, id_product, content, cost, is_published, created_at, updated_at, image_preview) VALUES (33, 'Бордюр Монтего', 'MRMantegna.jpg', 145, '', NULL, true, '2013-08-28 13:39:56', '2013-08-28 13:39:56', 'MRMantegna.jpg');
INSERT INTO product_decor (id, title, image, id_product, content, cost, is_published, created_at, updated_at, image_preview) VALUES (34, 'Бордюр Помпеано', 'MRPompeano.jpg', 145, '', NULL, true, '2013-08-28 13:58:58', '2013-08-28 13:58:58', 'MRPompeano.jpg');
INSERT INTO product_decor (id, title, image, id_product, content, cost, is_published, created_at, updated_at, image_preview) VALUES (35, 'Уголок Помпеано', 'MRPompeanoCorner.jpg', 145, '', NULL, true, '2013-08-28 13:59:44', '2013-08-28 13:59:44', 'MRPompeanoCorner.jpg');
INSERT INTO product_decor (id, title, image, id_product, content, cost, is_published, created_at, updated_at, image_preview) VALUES (36, 'Панно Ассиси', 'Rosone-Assisi.jpg', 145, '', NULL, true, '2013-08-28 14:00:51', '2013-08-28 14:00:51', 'Rosone-Assisi.jpg');
INSERT INTO product_decor (id, title, image, id_product, content, cost, is_published, created_at, updated_at, image_preview) VALUES (37, 'Мозаика 01-05', 'MRMosaicoMR01_05.jpg', 145, '', NULL, true, '2013-08-28 14:01:33', '2013-08-28 14:01:33', 'estima-MRMosaicoMR01_05-prev.jpg');
INSERT INTO product_decor (id, title, image, id_product, content, cost, is_published, created_at, updated_at, image_preview) VALUES (38, 'Мозаика 02', 'pm0203mr02b.jpg', 145, '', NULL, true, '2013-08-28 14:02:17', '2013-08-28 14:02:17', 'estima-pm0203mr02b-prev.jpg');
INSERT INTO product_decor (id, title, image, id_product, content, cost, is_published, created_at, updated_at, image_preview) VALUES (39, 'Уголок Монтего', 'MRMantegnaCorner.jpg', 146, '', NULL, true, '2013-08-28 14:24:03', '2013-08-28 14:24:03', 'MRMantegnaCorner.jpg');
INSERT INTO product_decor (id, title, image, id_product, content, cost, is_published, created_at, updated_at, image_preview) VALUES (40, 'Бордюр Монтего', 'MRMantegna.jpg', 146, '', NULL, true, '2013-08-28 14:24:31', '2013-08-28 14:24:31', 'MRMantegna.jpg');
INSERT INTO product_decor (id, title, image, id_product, content, cost, is_published, created_at, updated_at, image_preview) VALUES (41, 'Бордюр Помпеано', 'MRPompeano.jpg', 146, '', NULL, true, '2013-08-28 14:25:28', '2013-08-28 14:25:28', 'MRPompeano.jpg');
INSERT INTO product_decor (id, title, image, id_product, content, cost, is_published, created_at, updated_at, image_preview) VALUES (42, 'Уголок Помпеано', 'MRPompeanoCorner.jpg', 146, '', NULL, true, '2013-08-28 14:28:15', '2013-08-28 14:28:15', 'MRPompeanoCorner.jpg');
INSERT INTO product_decor (id, title, image, id_product, content, cost, is_published, created_at, updated_at, image_preview) VALUES (43, 'Мозаика 02', 'pm0203mr02b.jpg', 146, '', NULL, true, '2013-08-28 14:28:55', '2013-08-28 14:28:55', 'estima-pm0203mr02b-prev.jpg');
INSERT INTO product_decor (id, title, image, id_product, content, cost, is_published, created_at, updated_at, image_preview) VALUES (44, 'Мозаика 01-05', 'MRMosaicoMR01_05.jpg', 146, '', NULL, true, '2013-08-28 14:29:51', '2013-08-28 14:29:51', 'estima-MRMosaicoMR01_05-prev.jpg');
INSERT INTO product_decor (id, title, image, id_product, content, cost, is_published, created_at, updated_at, image_preview) VALUES (45, 'Панно Ассиси', 'Rosone-Assisi.jpg', 146, '', NULL, true, '2013-08-28 14:30:44', '2013-08-28 14:30:44', 'estima-Rosone-Assisi-prev.jpg');


--
-- Name: product_decor_id_seq; Type: SEQUENCE SET; Schema: public; Owner: -
--

SELECT pg_catalog.setval('product_decor_id_seq', 57, true);


--
-- Data for Name: product_inter; Type: TABLE DATA; Schema: public; Owner: -
--

INSERT INTO product_inter (id, title, image, id_product, content, cost, is_published, created_at, updated_at, image_preview) VALUES (2, 'Dream 06', 'estima dream foto.jpg', 64, '', 1.00, true, '2013-08-15 14:00:10', '2013-08-15 14:00:10', 'estima-131ba40ce28f78554737b4ac7f94cb55-prev.jpg');
INSERT INTO product_inter (id, title, image, id_product, content, cost, is_published, created_at, updated_at, image_preview) VALUES (3, 'Антика 04 + бордюры', 'estima-Antica-foto.jpg', 91, '', 1.00, true, '2013-08-15 15:02:31', '2013-08-15 15:02:31', 'estima-Antica-foto.jpg');
INSERT INTO product_inter (id, title, image, id_product, content, cost, is_published, created_at, updated_at, image_preview) VALUES (4, 'Болеро 04 + Муррето', 'estima bolero foto.jpg', 97, '', 1.00, true, '2013-08-15 15:51:40', '2013-08-15 15:51:40', 'estima bolero foto.jpg');
INSERT INTO product_inter (id, title, image, id_product, content, cost, is_published, created_at, updated_at, image_preview) VALUES (5, 'Стоун 01 -08', 'estima-stoun-foto1.jpg', 36, '', 1.00, true, '2013-08-15 16:19:36', '2013-08-15 16:19:36', 'estima-stoun-foto1.jpg');
INSERT INTO product_inter (id, title, image, id_product, content, cost, is_published, created_at, updated_at, image_preview) VALUES (7, 'Стоун 03', 'estima-stoun-foto.jpg', 36, '', 1.00, true, '2013-08-15 16:20:15', '2013-08-15 16:20:15', 'estima-stoun-foto.jpg');


--
-- Name: product_inter_id_seq; Type: SEQUENCE SET; Schema: public; Owner: -
--

SELECT pg_catalog.setval('product_inter_id_seq', 11, true);


--
-- Data for Name: rek; Type: TABLE DATA; Schema: public; Owner: -
--

INSERT INTO rek (id, is_published, title, content, page_url, page_title, page_description, page_keywords, "order", name, is_locked, id_parent, path, entity, created_at, updated_at, params) VALUES (144, true, 'Strong', '', 'strong', 'Strong', '', '', NULL, 'strong', false, 32, '1.13.32.144', 'rek', '2013-08-26 15:37:00', '2013-08-26 15:37:00', '[{"name":"cost","value":""},{"name":"id_country","value":""},{"name":"id_surface","value":""},{"name":"id_pattern","value":""},{"name":"id_collection","value":"11"},{"name":"width","value":""},{"name":"height","value":""},{"name":"depth","value":""}]');
INSERT INTO rek (id, is_published, title, content, page_url, page_title, page_description, page_keywords, "order", name, is_locked, id_parent, path, entity, created_at, updated_at, params) VALUES (104, true, 'Керамогранит под металл', '<p>Керамогранит под металл среди российских&nbsp;фабрик производит только завод Керама-Марацци.&nbsp;&quot;Металлическая&quot; плитка -&nbsp;весьма редкая имитация,&nbsp;фигурирует в основном в &quot;крутом&quot; дизайне, где внешний вид превалирует над всем остальным.&nbsp;Это то, что в народе говорят - гламурная вещь.</p>
', 'keramogranit-pod-metall', 'Керамогранит под металл', '', '', 120, 'keramogranit-pod-metall', false, 13, '1.13.104', 'rek', '2013-08-19 14:27:47', '2013-08-19 14:27:47', '[{"name":"cost","value":""},{"name":"id_country","value":""},{"name":"id_surface","value":""},{"name":"id_pattern","value":"12"},{"name":"width","value":""},{"name":"height","value":""},{"name":"depth","value":""}]');
INSERT INTO rek (id, is_published, title, content, page_url, page_title, page_description, page_keywords, "order", name, is_locked, id_parent, path, entity, created_at, updated_at, params) VALUES (133, true, 'керамогранит 40*40', '', 'keramogranit-4040', 'керамогранит 40*40', '', '', NULL, 'keramogranit-4040', false, 13, '1.13.133', 'rek', '2013-08-25 19:26:56', '2013-08-25 19:26:56', '[{"name":"cost","value":""},{"name":"id_country","value":""},{"name":"id_surface","value":""},{"name":"id_pattern","value":""},{"name":"id_collection","value":""},{"name":"width","value":"40"},{"name":"height","value":"40"},{"name":"depth","value":""}]');
INSERT INTO rek (id, is_published, title, content, page_url, page_title, page_description, page_keywords, "order", name, is_locked, id_parent, path, entity, created_at, updated_at, params) VALUES (138, true, 'Hard', '', 'hard', 'Hard', '', '', NULL, 'hard', false, 32, '1.13.32.138', 'rek', '2013-08-26 14:10:41', '2013-08-26 14:10:41', '[{"name":"cost","value":""},{"name":"id_country","value":""},{"name":"id_surface","value":""},{"name":"id_pattern","value":""},{"name":"id_collection","value":"7"},{"name":"width","value":""},{"name":"height","value":""},{"name":"depth","value":""}]');
INSERT INTO rek (id, is_published, title, content, page_url, page_title, page_description, page_keywords, "order", name, is_locked, id_parent, path, entity, created_at, updated_at, params) VALUES (90, true, 'Полированный керамогранит', '<p>Полированный керамогранит очень популярен в России, и практически неизвестен в Западной Европе, почему? Причина в разности менталитета Запада и Востока. Глянцевая поверхность керамогранита, с зеркальной поверхностью &mdash; это показатель богатства, роскоши. С точки зрения практичности, глянцевая плитка, возможно, проигрывает неполированной, т. к. в помещениях с большой проходимостью быстро потеряет свой блеск, а на фасадах слишком сильно бликует.</p>

<p>И тем не менее, &laquo;нарядный&raquo; полированный керамогранит, глянец и красота которого несут на себе стойкие ассоциации с престижем и праздничной атмосферой, долгие годы является лидером продаж в России. Поэтому отечественные и европейские производители, работающие на нашем рынке, не планируют отказываться от создания коллекций, в которых глянец плитки является основным украшением.</p>
', 'polirovannyj-keramogranit', 'Глянцевый керамогранит (полированный), плитка глянец', 'Глянцевый керамогранит — широкий выбор в нашем каталоге', 'глянцевый полированный керамогранит, плитка глянец', NULL, 'polirovannyj-keramogranit', false, 13, '1.13.90', 'rek', '2013-07-30 15:46:35', '2013-07-30 15:46:35', '[{"name":"cost","value":""},{"name":"id_country","value":""},{"name":"id_surface","value":"1"},{"name":"id_pattern","value":""},{"name":"width","value":""},{"name":"height","value":""},{"name":"depth","value":""}]');
INSERT INTO rek (id, is_published, title, content, page_url, page_title, page_description, page_keywords, "order", name, is_locked, id_parent, path, entity, created_at, updated_at, params) VALUES (135, true, 'Latte', '', 'latte', 'Latte', '', '', 1000, 'latte', false, 32, '1.13.32.135', 'rek', '2013-08-26 12:26:12', '2013-08-26 12:26:12', '[{"name":"cost","value":""},{"name":"id_country","value":""},{"name":"id_surface","value":""},{"name":"id_pattern","value":""},{"name":"id_collection","value":"1"},{"name":"width","value":""},{"name":"height","value":""},{"name":"depth","value":""}]');
INSERT INTO rek (id, is_published, title, content, page_url, page_title, page_description, page_keywords, "order", name, is_locked, id_parent, path, entity, created_at, updated_at, params) VALUES (140, true, 'Stone', '', 'stone', 'Stone', '', '', NULL, 'stone', false, 32, '1.13.32.140', 'rek', '2013-08-26 15:09:21', '2013-08-26 15:09:21', '[{"name":"cost","value":""},{"name":"id_country","value":""},{"name":"id_surface","value":""},{"name":"id_pattern","value":""},{"name":"id_collection","value":"4"},{"name":"width","value":""},{"name":"height","value":""},{"name":"depth","value":""}]');
INSERT INTO rek (id, is_published, title, content, page_url, page_title, page_description, page_keywords, "order", name, is_locked, id_parent, path, entity, created_at, updated_at, params) VALUES (148, true, 'Antica', '', 'antica', 'Antica', '', '', NULL, 'antica', false, 32, '1.13.32.148', 'rek', '2013-08-28 15:04:43', '2013-08-28 15:04:43', '[{"name":"cost","value":""},{"name":"id_country","value":""},{"name":"id_surface","value":""},{"name":"id_pattern","value":""},{"name":"id_collection","value":"5"},{"name":"width","value":""},{"name":"height","value":""},{"name":"depth","value":""}]');
INSERT INTO rek (id, is_published, title, content, page_url, page_title, page_description, page_keywords, "order", name, is_locked, id_parent, path, entity, created_at, updated_at, params) VALUES (103, true, 'Керамогранит под дерево', '<p>Практичность камня и&nbsp;уют натурального материала способен совместить в&nbsp;себе лишь керамогранит под дерево. Многообразие природных фактур древесных пород в&nbsp;своих коллекциях стремятся передать все известные производители керамогранита. Сегодня качественный уровень создания керамогранита достиг того уровня, когда потребитель получает практически полную имитацию текстуры и&nbsp;цвета различных пород древесины.</p>

<p>Комания &laquo;Рекада&raquo; предоставляет широкий выбор керамогранита, имитирующего дерево. Этот вид отделочного материала уже с&nbsp;момента своего появления стал ключевым элементом дизайнерских решений для частных и&nbsp;общественных интерьеров. Плитку &laquo;под дерево&raquo; часто используют в&nbsp;системе теплых полов, что позволяет этому материалу создать в&nbsp;доме атмосферу, полную домашнего уюта и&nbsp;покоя.</p>
', 'keramogranit-pod-derevo', 'Керамогранит под дерево', '', '', 110, 'keramogranit-pod-derevo', false, 13, '1.13.103', 'rek', '2013-08-19 14:23:19', '2013-08-19 14:23:19', '[{"name":"cost","value":""},{"name":"id_country","value":""},{"name":"id_surface","value":""},{"name":"id_pattern","value":"10"},{"name":"width","value":""},{"name":"height","value":""},{"name":"depth","value":""}]');
INSERT INTO rek (id, is_published, title, content, page_url, page_title, page_description, page_keywords, "order", name, is_locked, id_parent, path, entity, created_at, updated_at, params) VALUES (136, true, 'Latte', '', 'latte', 'Latte', '', '', NULL, 'latte', false, 13, '1.13.136', 'rek', '2013-08-26 13:05:58', '2013-08-26 13:05:58', '[{"name":"cost","value":""},{"name":"id_country","value":""},{"name":"id_surface","value":""},{"name":"id_pattern","value":""},{"name":"id_collection","value":"1"},{"name":"width","value":""},{"name":"height","value":""},{"name":"depth","value":""}]');
INSERT INTO rek (id, is_published, title, content, page_url, page_title, page_description, page_keywords, "order", name, is_locked, id_parent, path, entity, created_at, updated_at, params) VALUES (134, true, 'Эстима полированный', '', 'estima-polirovannyj', 'Эстима полированный', '', '', NULL, 'estima-polirovannyj', false, 32, '1.13.32.134', 'rek', '2013-08-26 12:22:45', '2013-08-26 12:22:45', '[{"name":"cost","value":""},{"name":"id_country","value":""},{"name":"id_surface","value":"1"},{"name":"id_pattern","value":""},{"name":"id_collection","value":""},{"name":"width","value":""},{"name":"height","value":""},{"name":"depth","value":""}]');
INSERT INTO rek (id, is_published, title, content, page_url, page_title, page_description, page_keywords, "order", name, is_locked, id_parent, path, entity, created_at, updated_at, params) VALUES (139, true, 'Chalet', '', 'chalet', 'Chalet', '', '', NULL, 'chalet', false, 32, '1.13.32.139', 'rek', '2013-08-26 15:06:03', '2013-08-26 15:06:03', '[{"name":"cost","value":""},{"name":"id_country","value":""},{"name":"id_surface","value":""},{"name":"id_pattern","value":""},{"name":"id_collection","value":"8"},{"name":"width","value":""},{"name":"height","value":""},{"name":"depth","value":""}]');
INSERT INTO rek (id, is_published, title, content, page_url, page_title, page_description, page_keywords, "order", name, is_locked, id_parent, path, entity, created_at, updated_at, params) VALUES (137, true, 'Dream', '', 'dream', 'Dream', '', '', NULL, 'dream', false, 32, '1.13.32.137', 'rek', '2013-08-26 14:00:56', '2013-08-26 14:00:56', '[{"name":"cost","value":""},{"name":"id_country","value":""},{"name":"id_surface","value":""},{"name":"id_pattern","value":""},{"name":"id_collection","value":"6"},{"name":"width","value":""},{"name":"height","value":""},{"name":"depth","value":""}]');
INSERT INTO rek (id, is_published, title, content, page_url, page_title, page_description, page_keywords, "order", name, is_locked, id_parent, path, entity, created_at, updated_at, params) VALUES (143, true, 'Standart', '', 'standart', 'Standart', '', '', NULL, 'standart', false, 32, '1.13.32.143', 'rek', '2013-08-26 15:20:30', '2013-08-26 15:20:30', '[{"name":"cost","value":""},{"name":"id_country","value":""},{"name":"id_surface","value":""},{"name":"id_pattern","value":""},{"name":"id_collection","value":"3"},{"name":"width","value":""},{"name":"height","value":""},{"name":"depth","value":""}]');
INSERT INTO rek (id, is_published, title, content, page_url, page_title, page_description, page_keywords, "order", name, is_locked, id_parent, path, entity, created_at, updated_at, params) VALUES (147, true, 'Marmi', '', 'marmi', 'Marmi', '', '', NULL, 'marmi', false, 32, '1.13.32.147', 'rek', '2013-08-28 14:32:20', '2013-08-28 14:32:20', '[{"name":"cost","value":""},{"name":"id_country","value":""},{"name":"id_surface","value":""},{"name":"id_pattern","value":""},{"name":"id_collection","value":"12"},{"name":"width","value":""},{"name":"height","value":""},{"name":"depth","value":""}]');
INSERT INTO rek (id, is_published, title, content, page_url, page_title, page_description, page_keywords, "order", name, is_locked, id_parent, path, entity, created_at, updated_at, params) VALUES (150, true, 'Технический керамогранит', '', 'tehnicheskij-keramogranit', 'Технический керамогранит', '', '', NULL, 'tehnicheskij-keramogranit', false, 32, '1.13.32.150', 'rek', '2013-08-28 15:36:53', '2013-08-28 15:36:53', '[{"name":"cost","value":""},{"name":"id_country","value":""},{"name":"id_surface","value":""},{"name":"id_pattern","value":""},{"name":"id_collection","value":"9"},{"name":"width","value":""},{"name":"height","value":""},{"name":"depth","value":""}]');
INSERT INTO rek (id, is_published, title, content, page_url, page_title, page_description, page_keywords, "order", name, is_locked, id_parent, path, entity, created_at, updated_at, params) VALUES (152, true, 'Taste Time', '', 'taste-time', 'Taste Time', '', '', NULL, 'taste-time', false, 32, '1.13.32.152', 'rek', '2013-08-28 16:31:59', '2013-08-28 16:31:59', '[{"name":"cost","value":""},{"name":"id_country","value":""},{"name":"id_surface","value":""},{"name":"id_pattern","value":""},{"name":"id_collection","value":"14"},{"name":"width","value":""},{"name":"height","value":""},{"name":"depth","value":""}]');


--
-- Data for Name: role; Type: TABLE DATA; Schema: public; Owner: -
--

INSERT INTO role (id, name) VALUES (1, 'admin');
INSERT INTO role (id, name) VALUES (2, 'user');
INSERT INTO role (id, name) VALUES (3, 'guest');


--
-- Name: role_id_seq; Type: SEQUENCE SET; Schema: public; Owner: -
--

SELECT pg_catalog.setval('role_id_seq', 3, true);


--
-- Data for Name: settings; Type: TABLE DATA; Schema: public; Owner: -
--

INSERT INTO settings (id, title, name, value) VALUES (4, 'Прайс', 'price', 'price.xls');
INSERT INTO settings (id, title, name, value) VALUES (5, 'Координаты', 'coordinates', '55.675306, 37.624741');
INSERT INTO settings (id, title, name, value) VALUES (1, 'email', 'email', 'larina@rekada.ru');
INSERT INTO settings (id, title, name, value) VALUES (3, 'Адрес', 'address', '115230, Москва, Варшавское ш., д. 42');
INSERT INTO settings (id, title, name, value) VALUES (2, 'Телефон', 'phone', '+7 (495) 921- 40- 44');


--
-- Name: settings_id_seq; Type: SEQUENCE SET; Schema: public; Owner: -
--

SELECT pg_catalog.setval('settings_id_seq', 5, true);


--
-- Name: surface_id_seq; Type: SEQUENCE SET; Schema: public; Owner: -
--

SELECT pg_catalog.setval('surface_id_seq', 5, true);


--
-- Data for Name: users; Type: TABLE DATA; Schema: public; Owner: -
--

INSERT INTO users (id, username, password, email, id_role) VALUES (1, 'admin', '21232f297a57a5a743894a0e4a801fc3', 'admin@example.org', 1);


--
-- Name: users_id_seq; Type: SEQUENCE SET; Schema: public; Owner: -
--

SELECT pg_catalog.setval('users_id_seq', 1, true);


--
-- PostgreSQL database dump complete
--

